ActivityCode,ActivityName,Provider,Active,Language,EstimatedDuration,EstimatedCredits,ActivityDescription,Minimum,Maximum,Instructor,ExpressIntrest,Contact,Skills,Competency,Topic
11th Annual Steel Markets North America Conference (vendor),11th Annual Steel Markets North America Conference,ILT Content,0,en-us,,,,,,,0,,,,Productivity Tools for API Developers
2-Day APQP J PPAP 4th Edition Training (vendor),2-Day APQP J PPAP 4th Edition Training,ILT Content,0,en-us,,,,,,,0,,,,AI Apprentice to AI Architect
"2-Day FMEA, SPC, J MSA Training (vendor)","2-Day FMEA, SPC, J MSA Training",ILT Content,0,en-us,,,,,,,0,,,,Productivity Tools with Serverless Deployments for Developers
3D Vision Smart Cameras - COGNEX (vendor),3D Vision Smart Cameras - COGNEX,ILT Content,0,en-us,,,,,,,0,,,,Managing & Leading through Unexpected Disruption
7 Habits (MAC),The 7 Habits of Highly Effective People,ILT Content,0,en-us,,,,,,,0,,,,Business & Leadership for Developer Fundamentals
Accounting_Inventory,Inventory Count & Audit,ILT Content,0,en-us,,,,,,,0,,,,Productivity Tools for AI Architects
Adaptive Leadership (MAC),Adaptive Leadership Workshop,ILT Content,0,en-us,,,,,,,0,,,,Business & Leadership for Site Reliability Engineers
Audit_Internal Auditor Training (to Review Revisions),Internal Auditor Training (to Review Revisions),ILT Content,1,,3600,,This training covers any revisions to audit requirements since the previous update.,,,,0,AGG.University@dummydata.com,,,Javanista to Java Master
Auditor Training (vendor),Transitioning to IATF 16949 Auditor Training 24-Hr Cert,ILT Content,1,en-us,,,,,,,0,,,,Enriched Web Development with Angular 11
BIOL-101-B1 (College Transcript),General Biology,ILT Content,0,en-us,,,,,,,0,,,,Business & Leadership for Javanista to Java Master
CAD110 (vendor),CAD110 SolidWorks Essentials,ILT Content,0,en-us,,,,,,,0,,,,Pythonista to Python Master
CAD110 Test (vendor),CAD110 SOLIDWORKS Essentials Competency Test,ILT Content,0,en-us,,,,,,,0,,,,Productivity Tools for Business Analyst to Data Analysts
CAD215 SOLIDWORKS Assembly Molding (vendor),CAD215 SOLIDWORKS Assembly Molding,ILT Content,0,en-us,,,,,,,0,,,,Security Essentials for Decision-makers and Leaders
Certified Die Casting Technician (vendor),Certified Die Casting Technician,ILT Content,0,en-us,,,,,,,0,,,,Productivity Tools for CloudOps Engineers
Cognex In-Sight (vendor),Cognex In-Sight EasyBuilder & Spreadsheet Standard,ILT Content,0,en-us,,,,,,,0,,,,Productivity Tools for Data Analysis with R
Collaborative Robotics - Meet BAXTER - RE - THINK (vendor),Collaborative Robotics - Meet BAXTER - RE - THINK ROBOTICS,ILT Content,0,en-us,,,,,,,0,,,,Business & Leadership for Go Programming Essentials
Compliance_Fire Extinguisher (Cintas),Live Fire Extinguisher Training (Cintas),ILT Content,0,en-us,,,"Instructor-led, hands-on training specific for safely extinguishing magnesium fires (1-year Recertification)",,,,0,,,,Software Product Management Proficiency
Compliance_Hazwoper 40,Hazwoper 40,ILT Content,1,en-us,,,40-hour safety course for workers who are exposed to hazardous materials (No Recertification) This training complies with ISO standard 40 CSR 25-5 262.,,,,0,,,,Programmer to API Developer
Compliance_IATA Dangerous Goods Training,IATA Dangerous Goods Training,ILT Content,0,en-us,,,Certification for safe transportation of dangerous goods by air (2-year Recertification),,,,0,,,,Agile for Software Development
Compliance_IMDG,IMDG Dangerous Goods Training,ILT Content,0,en-us,,,Certification for safe transportation of dangerous goods by sea (3-year Recertification),,,,0,,,,Java Novice to Javanista
Compliance_Initial/Recurrent (vendor),"Initial/Recurrent IATA, 49 CFR & IMDG",ILT Content,0,en-us,,,"Multi-Modal Certification for safe transportation of dangerous goods by land (49CFR), sea (IMDG), and air (IATA) (3-year Recertification for 49CFR and IMDG) (2-year Recertification for IATA)",,,,0,,,,Data Analysis with R
Compliance_Intro to Chrome,Intro to Chrome,ILT Content,0,en-us,,,Work safely with Chrome; follow Chrome Department procedures and policies to ensure your safety and the safety of others (No Recertification),,,,0,,,,Business & Leadership for AI and ML for Decision-makers
Compliance_Intro to AGG,Intro to AGG,ILT Content,0,en-us,,,"Receive detailed information on policies and procedures in safety, TPS, and quality; understand your employee rights and responsibilities (No Recertification)",,,,0,,,,Business & Leadership for Engineering Lead
Compliance_Intro to AGG - Benefits Orientation (IMX),Intro to AGG - Benefits Orientation (IMX),ILT Content,1,en-us,7200,,"Introduces new employees to the benefits AGG provides to employees, which may include health insurances, retirement plans, medical leave rights, and more. This training complies with requirements set by AGG and governing agencies.",,,,0,AGG.University@dummydata.com,,,Business & Leadership with Serverless Deployments for Developers
Compliance_Intro to AGG - Benefits Orientation (MINTO),Intro to AGG - Benefits Orientation (MINTO) - HR will Assess Completion,ILT Content,1,en-us,7200,,"Introduces new employees to the benefits AGG provides to employees, which may include health insurances, retirement plans, medical leave rights, and more. This training complies with requirements set by AGG and governing agencies.",,,,0,AGG.University@dummydata.com,,,Productivity Tools for Decision-makers and Leaders
Compliance_Intro to AGG - Benefits Orientation (AGGASK),Intro to AGG - Benefits Orientation (AGGASK) - AGGU will Assess Completion,ILT Content,1,en-us,7200,,"Introduces new employees to the benefits AGG provides to employees, which may include health insurances, retirement plans, medical leave rights, and more. This training complies with requirements set by AGG and governing agencies.",,,,0,AGG.University@dummydata.com,,,AI and ML for Decision-makers
Compliance_Intro to AGG - Benefits Orientation (AGGFS),Intro to AGG - Benefits Orientation (AGGFS),ILT Content,1,en-us,7200,,"Introduces new employees to the benefits AGG provides to employees, which may include health insurances, retirement plans, medical leave rights, and more. This training complies with requirements set by AGG and governing agencies.",,,,0,AGG.University@dummydata.com,,,Web App Vulnerability Analyst
Compliance_Intro to AGG - Benefits Orientation (AGGKY),Intro to AGG - Benefits Orientation (AGGKY),ILT Content,1,en-us,7200,,"Introduces new employees to the benefits AGG provides to employees, which may include health insurances, retirement plans, medical leave rights, and more. This training complies with requirements set by AGG and governing agencies.",,,,0,AGG.University@dummydata.com,,,Business & Leadership for Pythonista
Compliance_Intro to AGG - Benefits Orientation (AGGMO),Intro to AGG - Benefits Orientation (HR will Assess Completion),ILT Content,1,en-us,7200,,"Introduces new employees to the benefits AGG provides to employees, which may include health insurances, retirement plans, medical leave rights, and more. This training complies with requirements set by AGG and governing agencies.",,,,0,AGG.University@dummydata.com,,,Enterprise Development to DevOps Engineer
Compliance_Intro to AGG - Benefits Orientation (AGGNA),Intro to AGG - Benefits Orientation (AGGNA),ILT Content,1,en-us,7200,,"Introduces new employees to the benefits AGG provides to employees, which may include health insurances, retirement plans, medical leave rights, and more. This training complies with requirements set by AGG and governing agencies.",,,,0,AGG.University@dummydata.com,,,Business & Leadership for Software Product Management
Compliance_Intro to AGG - Benefits Orientation (AGGTX),Intro to AGG - Benefits Orientation (AGGTX) - AGGU will Assess Completion,ILT Content,1,en-us,7200,,"Introduces new employees to the benefits AGG provides to employees, which may include health insurances, retirement plans, medical leave rights, and more. This training complies with requirements set by AGG and governing agencies.",,,,0,AGG.University@dummydata.com,,,Productivity Tools for Journeyman Developers
Compliance_Intro to AGG - HR Orientation (AGGMO-NAI),Intro to AGG - HR Orientation (HR will Assess Completion),ILT Content,1,en-us,5400,,Introduces new employees to AGG's HR-related policies and procedures. This training complies with requirements set by AGG and governing authorities.,,,,0,AGG.University@dummydata.com,,,Infrastructure Support Engineer to CloudOps Engineer
Compliance_Intro to AGG - Orientation (IMX),Intro to AGG - Orientation (IMX),ILT Content,1,en-us,14400,,"Introduces new employees to AGG's policies, procedures, and philosophies, as well as environmental and safety policies and procedures. This training complies with requirements set by AGG, local, and governing authorities.",,,,0,AGG.University@dummydata.com,,,Developer Fundamentals
Compliance_Intro to AGG - Orientation (MINTO),Intro to AGG - Orientation (MINTO) - HR will Assess Completion,ILT Content,1,en-us,14400,,"Introduces new employees to AGG's policies, procedures, and philosophies, as well as environmental and safety policies and procedures. This training complies with requirements set by AGG, local, and governing authorities.",,,,0,AGG.University@dummydata.com,,,Network Admin to Site Reliability Engineer
Compliance_Intro to AGG - Orientation (AGGASK),Intro to AGG - Orientation (AGGASK) - AGGU will Assess Completion,ILT Content,1,en-us,14400,,"Introduces new employees to AGG's policies, procedures, and philosophies, as well as environmental and safety policies and procedures. This training complies with requirements set by AGG, local, and governing authorities.",,,,0,AGG.University@dummydata.com,,,Productivity Tools for Senior Software Project Managers
Compliance_Intro to AGG - Orientation (AGGFS),Intro to AGG - Orientation (AGGFS),ILT Content,1,en-us,14400,,"Introduces new employees to AGG's policies, procedures, and philosophies, as well as environmental and safety policies and procedures. This training complies with requirements set by AGG, local, and governing authorities.",,,,0,AGG.University@dummydata.com,,,5G Technologies and Practices
Compliance_Intro to AGG - Orientation (AGGKY),Intro to AGG - Orientation (AGGKY),ILT Content,1,en-us,14400,,"Introduces new employees to AGG's policies, procedures, and philosophies, as well as environmental and safety policies and procedures. This training complies with requirements set by AGG, local, and governing authorities.",,,,0,AGG.University@dummydata.com,,,Web App Vulnerability Analyst - 2022 Update
Compliance_Intro to AGG - Orientation (AGGNA),Intro to AGG - Orientation (AGGNA),ILT Content,1,en-us,14400,,"Introduces new employees to AGG's policies, procedures, and philosophies, as well as environmental and safety policies and procedures. This training complies with requirements set by AGG, local, and governing authorities.",,,,0,AGG.University@dummydata.com,,,Business & Leadership for Programming Python in Action
Compliance_Intro to AGG - Orientation (AGGTX),Intro to AGG - Orientation (AGGTX) - AGGU will Assess Completion,ILT Content,1,en-us,14400,,"Introduces new employees to AGG's policies, procedures, and philosophies, as well as environmental and safety policies and procedures. This training complies with requirements set by AGG, local, and governing authorities.",,,,0,AGG.University@dummydata.com,,,Go Programming Essentials
Compliance_Intro to AGG Benefits,Intro to AGG Benefits,ILT Content,0,en-us,,,"Receive detailed information on your eligible AGG benefits, including medical insurances and retirement (No Recertification)",,,,0,,,,Productivity Tools for Javanista
Compliance_Legal Compliance (2020),Legal Compliance Training (2020),ILT Content,0,,5400,,"Know your role and responsibilities, as a leader at Toyoda Gosei, to uphold rules and policies related to corporate and social responsibility, compliance, and third-party involvement (Annual Recertification) This training complies with AGGNA standards.",,,NA900569,0,AGG.University@dummydata.com,,,Productivity Tools for Software Architects
Compliance_Live Fire Extinguisher Training,Live Fire Extinguisher Training (Safety Dept will Schedule Date & Time),ILT Content,0,,3600,," The Safety Dept will schedule this live fire extinguisher training, and will notify you of the dates and times. In this training, attendees will learn how to properly extinguish class A, B, and C fires.",,,,1,AGG.University@dummydata.com,,,Productivity Tools for Data Visualization
Compliance_LIVE Fire Extinguisher Training_MO,LIVE Fire Extinguisher Training (Safety Department will Schedule Date & Time),ILT Content,1,,3600,,"The Safety Dept will schedule this live fire extinguisher training, and will notify you of the dates and times. In this training, attendees will learn how to properly extinguish class A, B, and C fires.",,,,1,AGG.University@dummydata.com,,,Business & Leadership for AI Architects
Compliance_LIVE Fire Extinguisher Training_SP,LIVE Fire Extinguisher Training (Safety Department will Schedule Date & Time),ILT Content,1,en-us,3600,,"The Safety Dept will schedule this live fire extinguisher training, and will notify you of the dates and times. In this training, attendees will learn how to properly extinguish class A, B, and C fires.",,,,1,AGG.University@dummydata.com,,,Productivity Tools for 5G Technologies and Practices
Compliance_Overhead Crane Operating Skills Test,Overhead Crane Operating Skills Test,ILT Content,0,en-us,,,Evaluation of your ability to properly and safely operate an overhead crane (No Recertification; Remediation if needed),,,,0,,,,Business & Leadership for Javanista
Compliance_Propane Fill Certification,Propane Fill Certification,ILT Content,0,,14400,,Certifies forklift operators to safely fill propane tanks on propane forklifts (3-yr Recertification) This training complies with OSHA standard 1910.178.,,,,1,AGG.University@dummydata.com,,,Business & Leadership for Enriched Web Development with Angular 11
Compliance_Scissor & Boom Operating Skills Test,Scissor & Boom Operating Skills Test,ILT Content,0,en-us,,,Evaluation of your ability to properly and safely operate a Scissor & Boom Lift (No Recertification; Remediation if needed),,,,0,,,,Programming Python in Action
Compliance_AGG Legal Compliance Training (ILT),AGG Legal Compliance Training (ILT),ILT Content,1,en-us,,,"Know your role and responsibilities, as a leader at Toyoda Gosei, to uphold rules and policies related to corporate and social responsibility, compliance, and third-party involvement (Annual Recertification) This training complies with AGGNA requirements.",,,,0,AGG.University@dummydata.com,,,Business Analyst to Data Analyst
"Computer & Software_Access 2010, Part 1",Microsoft Access 2010 Part 1,ILT Content,0,en-us,,,,,,,0,,,,Serverless Deployments for Developers
"Computer & Software_Access 2010, Part 2",Microsoft Access 2010 Part 2,ILT Content,0,en-us,,,,,,,0,,,,Productivity Tools for Web App Vulnerability Analyst
Computer & Software_aPriori (vendor),aPriori,ILT Content,0,en-us,,,,,,,0,,,,Developer to Software Architect
Computer & Software_Excel (Chart & Graphs) (vendor),Excel - Charts & Graphs,ILT Content,0,en-us,,,,,,,0,,,,Productivity Tools for Python Master
Computer & Software_Excel Basics (vendor),Microsoft Excel Basics,ILT Content,0,en-us,,,,,,,0,,,,Efficiency & Productivity in the New Normal
Computer & Software_Excel Formatting (vendor),Microsoft Excel Formatting,ILT Content,0,en-us,,,,,,,0,,,,Business & Leadership for Data Analysis with R
Computer & Software_Excel Formulas (vendor),Microsoft Excel Formulas,ILT Content,0,en-us,,,,,,,0,,,,Enterprise Development to Full Stack Developer
Computer & Software_Excel Graphing (vendor),Microsoft Excel Graphing,ILT Content,0,en-us,,,,,,,0,,,,Productivity Tools for Web App Vulnerability Analyst
Computer & Software_JDE,JDE,ILT Content,1,en-us,,,,,,,0,,,,Productivity Tools with Agile for Software Development
Computer & Software_Microsoft Outlook,Microsoft Outlook,ILT Content,1,en-us,,,,,,,0,,,,Software Project Analyst to Senior Software Project Manager
"Computer & Software_Project 2010, Level 1 (vendor)",Microsoft Project 2010 Level 1,ILT Content,0,en-us,,,,,,,0,,,,Business & Leadership for Journeyman Developers
"Computer & Software_Project 2010, Level 2 (vendor)",Microsoft Project 2010 Level 2,ILT Content,0,en-us,,,,,,,0,,,,Business & Leadership for API Developers
Computer & Software_Shop Floor Data Entry,Shop Floor Data Entry,ILT Content,1,en-us,,,,,,,0,,,,Business & Leadership for Python Master
Computer Skills_Excel Basic,Excel Basic 10-Hour Certification,ILT Content,1,en-us,,, Acquire a basic understanding of operations in Microsoft Excel.,,,,1,,,,Engineering Lead
Computer Skills_Excel Intermediate,Excel Intermediate 10-Hour Certification,ILT Content,1,en-us,,," Acquire an intermediate understanding of operations using Microsoft Excel in order to manipulate data in order to gain information. (Sort, custom filter, creating graphs, pivot tables, IF functions, and much more!)",,,,1,,,,Productivity Tools for Site Reliability Engineers
Computer_ Filehold Leadership Core (AGGU),FileHold - Level II,ILT Content,0,en-us,,,,,,,0,,,,Novice Developer to Pythonista
Computer_ADP (eTime dept tracking),ADP (eTime dept tracking),ILT Content,1,en-us,,,,,,,0,,,,Business & Leadership for Software Architects
Computer_Document Control / Filehold (SCP),Document Control / Filehold (SCP),ILT Content,1,en-us,3600,,,,,,0,,,,Data Visualization
Computer_eTime / Payroll (SCP),eTime / Payroll (SCP),ILT Content,1,en-us,3600,,,,,,0,,,,Productivity Tools for API Developers
Computer_FileHold,FileHold,ILT Content,1,en-us,,,,,,,0,,,,AI Apprentice to AI Architect
Computer_JDE (SCP),JDE (SCP),ILT Content,1,en-us,3600,,,,,,0,,,,Productivity Tools with Serverless Deployments for Developers
Computer_Microsoft Excel - Basic (SCP),Microsoft Excel - Basic (SCP),ILT Content,1,en-us,5400,,,,,,0,,,,Managing & Leading through Unexpected Disruption
Computer_Microsoft Excel - Intermediate (SCP),Microsoft Excel - Intermediate (SCP),ILT Content,1,en-us,5400,,,,,,0,,,,Business & Leadership for Developer Fundamentals
Computer_Microsoft Outlook (SCP),Microsoft Outlook (SCP),ILT Content,1,en-us,3600,,,,,,0,,,,Productivity Tools for AI Architects
Computer_Microsoft PowerPoint (SCP),Microsoft PowerPoint (SCP),ILT Content,1,en-us,2700,,,,,,0,,,,Business & Leadership for Site Reliability Engineers
Computer_Microsoft Teams (SCP),Microsoft Teams (SCP),ILT Content,1,en-us,3600,,,,,,0,,,,Javanista to Java Master
Construction Technology (vendor),1000 Hours Training Construction Technology,ILT Content,0,en-us,,,,,,,0,,,,Enriched Web Development with Angular 11
Core_ Core Operator Training (AGGU),Core Operator Training,ILT Content,1,en-us,,, This training complies with AGG standards.,,,,0,AGG.University@dummydata.com,,,Business & Leadership for Javanista to Java Master
Core_Ashram (AGGU),Ashram Training,ILT Content,0,en-us,,,,,,,0,,,,Pythonista to Python Master
Dimensional Repeatability (vendor),Dimensional Repeatability,ILT Content,0,en-us,,,,,,,0,,,,Productivity Tools for Business Analyst to Data Analysts
EE1600 (College Transcript),Practical Electronics II,ILT Content,0,en-us,,,,,,,0,,,,Security Essentials for Decision-makers and Leaders
EEE 1500 (College Transcript),Basic Electronics,ILT Content,0,en-us,,,,,,,0,,,,Productivity Tools for CloudOps Engineers
EEE 1550 (College Transcript),Electrical Systems,ILT Content,0,en-us,,,,,,,0,,,,Productivity Tools for Data Analysis with R
EEE 1580 (College Transcript),Practical Electronics I,ILT Content,0,en-us,,,,,,,0,,,,Business & Leadership for Go Programming Essentials
EEE 2000 (College Transcript),Solid State Electronics,ILT Content,0,en-us,,,,,,,0,,,,Software Product Management Proficiency
EEE1710 (College Transcripts),National Electrical Code,ILT Content,0,en-us,,,,,,,0,,,,Programmer to API Developer
Electrical Lab Level 1,Electrical Lab - Level 1,ILT Content,1,,,,,,,,0,,,,Agile for Software Development
EMT (vendor),Emergency Medical Technician,ILT Content,0,en-us,,,,,,,0,,,,Java Novice to Javanista
Essentials & Coaching (MAC),"Essentials of Leadership, Coaching for Success, Coaching for Improvement, Managing Performance Problems, and Resolving Conflict",ILT Content,0,en-us,,,,,,,0,,,,Data Analysis with R
Fanuc (vendor),SpotTool Operation and Programming with Servo Gun,ILT Content,0,en-us,,,,,,,0,,,,Business & Leadership for AI and ML for Decision-makers
FANUC Robots Level 1,FANUC Robots - Level 1,ILT Content,1,,,,,,,,0,,,,Business & Leadership for Engineering Lead
GNST-100-B70DL (College Transcript),Foundations Student,ILT Content,0,en-us,,,,,,,0,,,,Business & Leadership with Serverless Deployments for Developers
guest_computer skills_basic,Excel Basic 10 Hour Certification (GUEST),ILT Content,1,,7200,,Acquire a basic understanding of operations in Microsoft Excel (GUEST).,,,,1,,,,Productivity Tools for Decision-makers and Leaders
Haz Waste Personnel (vendor),Hazardous Waste Personnel and Emergency Response Training,ILT Content,0,en-us,,,,,,,0,,,,AI and ML for Decision-makers
HAZMAT 40 (vendor),HAZMAT 40 (1st Environmental Information Systems),ILT Content,0,en-us,,,,,,,0,,,,Web App Vulnerability Analyst
Health & Well-Being_Health Perspectives (AGGU),Health Perspectives & Your Fitness,ILT Content,0,en-us,,,,,,,0,,,,Business & Leadership for Pythonista
Hoshin_Hoshin Training & SMART Goals_ILT,Hoshin Training & SMART Goals,ILT Content,1,en-us,1800,,"In this course, we will be looking at how the hoshin targets are cascaded down throughout the organization, starting from the Americas group hoshin down to individual team members. You will also become familiar with the top down approach to goal setting and how each level of the company contributes to goals.  This is a AGGNA requirement and it is an annual recertification for all salary employees.",,,,0,AGG.University@dummydata.com,,,Enterprise Development to DevOps Engineer
How the Steel Market Works Training (vendor),How the Steel Market Works Training,ILT Content,0,en-us,,,,,,,0,,,,Business & Leadership for Software Product Management
ILTcourse_Sub,ILTcourse_Sub,ILT Content,1,,,,,,,,0,,,,Productivity Tools for Journeyman Developers
Influential Leadership Workshop (MAC),Influential Leadership Workshop,ILT Content,0,en-us,,,,,,,0,,,,Infrastructure Support Engineer to CloudOps Engineer
Injection_Injection Molding - Manf Technology (AGG: Tyler Watson),Injection Molding - Manufacturing Technology,ILT Content,0,en-us,,,,,,,0,,,,Developer Fundamentals
J2P0310 (vendor),Handling Tool Operation and Programming,ILT Content,0,en-us,,,,,,,0,,,,Network Admin to Site Reliability Engineer
Leadership Core: Excel (AGGU),Excel - Leadership Core,ILT Content,0,en-us,,,,,,,0,,,,Productivity Tools for Senior Software Project Managers
Leadership Core: Outlook 2010 (AGGU),Change Your Outlook on Outlook 2010 (session 2),ILT Content,0,en-us,,,,,,,0,,,,5G Technologies and Practices
Leadership Core: Praise (AGGU),Why Praise Can BackfireAnd How to Do it Right - Leadership Core,ILT Content,0,en-us,,,,,,,0,,,,Web App Vulnerability Analyst - 2022 Update
Leadership: AGG Policies (AGGU),Understanding AGG Policies: What Would You Do? - Leadership Core,ILT Content,0,en-us,,,,,,,0,,,,Business & Leadership for Programming Python in Action
Leadership_ 5S+1Y I (AGGU),5S+1Y I,ILT Content,0,en-us,,,,,,,0,,,,Go Programming Essentials
Leadership_4 Imperatives (MAC),The Four Imperatives of Great Leaders Workshop,ILT Content,0,en-us,,,,,,,0,,,,Productivity Tools for Javanista
Leadership_Delegating (MAC),Delegating with Purpose,ILT Content,0,en-us,,,,,,,0,,,,Productivity Tools for Software Architects
Leadership_DISC-LC (AGGU),DISC,ILT Content,0,en-us,,,,,,,0,,,,Productivity Tools for Data Visualization
Leadership_Driving Change (MAC),Driving Change,ILT Content,0,en-us,,,,,,,0,,,,Business & Leadership for AI Architects
Leadership_Effective Communication -LC (AGGU),Effective Communication,ILT Content,0,en-us,,,,,,,0,,,,Productivity Tools for 5G Technologies and Practices
Leadership_Emotional Intelligence Training,Emotional Intelligence Training,ILT Content,1,,28800,,"Emotional Intelligence (EQ) is how you handle yourself and others on the job. Your EQ consists of four core skills: Self-Awareness, Self-Management, Social Awareness, and Relationship Management. This 8-hour training will take you far beyond knowing what EQ is... you'll discover 66 strategies you can use right away!",,,,0,AGG.University@dummydata.com,,,Business & Leadership for Javanista
Leadership_Kanban I (AGGU),Kanban I,ILT Content,0,en-us,,,,,,,0,,,,Business & Leadership for Enriched Web Development with Angular 11
Leadership_LMS Training for Managers,LMS Training for Managers,ILT Content,0,,3600,," Hands-on LMS training, where Supervisors and Managers will learn how to use the LMS and automated reports to proactively manage training in their departments.",,,,1,AGG.University@dummydata.com,,,Programming Python in Action
Leadership_Middle Management Training (MMT),Middle Management Training (MMT),ILT Content,0,,,, This 3-day management training focuses on AGG essentials and work processes in problem-solving and leadership.,,,,0,AGG.University@dummydata.com,,,Business Analyst to Data Analyst
Leadership_MMT Global Train the Trainer (Middle Management Training),MMT Global Train the Trainer (Middle Management Training),ILT Content,0,,,,,,,,0,,,,Serverless Deployments for Developers
Leadership_ProManager (vendor),ProManager Leadership Development,ILT Content,0,en-us,,,,,,,0,,,,Productivity Tools for Web App Vulnerability Analyst
Leadership_SCP,Supervisor Certification Program (register for a session),ILT Content,0,en-us,,,,,,,1,,,,Developer to Software Architect
Leadership_SCP final presentation (ILT Course),Supervisor Certification Program Final Presentation,ILT Content,0,,900,,Present the status of departmental improvements that were started during supervisor certification program.,,,,0,AGG.University@dummydata.com,,,Productivity Tools for Python Master
Leadership_SCP Leadership & Goals,Supervisor Cert - Leadership & Goals,ILT Content,1,,144000,,,,,angelaadmin,0,,,,Efficiency & Productivity in the New Normal
Leadership_SCP Leadership & Goals,Supervisor Cert - Leadership & Goals,ILT Content,1,,144000,,,,,jenadmin,0,,,,Efficiency & Productivity in the New Normal
Leadership_SCP Leadership & Goals,Supervisor Cert - Leadership & Goals,ILT Content,1,,144000,,,,,KY004130,0,,,,Efficiency & Productivity in the New Normal
Leadership_SCP Leadership & Goals,Supervisor Cert - Leadership & Goals,ILT Content,1,,144000,,,,,MT000080951,0,,,,Efficiency & Productivity in the New Normal
Leadership_SCP Leadership & Goals,Supervisor Cert - Leadership & Goals,ILT Content,1,,144000,,,,,TX002096,0,,,,Efficiency & Productivity in the New Normal
Leadership_SCP Leadership & Goals,Supervisor Cert - Leadership & Goals,ILT Content,1,,144000,,,,,tyleradmin,0,,,,Efficiency & Productivity in the New Normal
Leadership_SCP Leadership & Goals_ARCHIVE,Supervisor Certification Program Weekly (Leadership & Goals),ILT Content,0,,,,,,,,0,AGG.University@dummydata.com,,,Business & Leadership for Data Analysis with R
Leadership_SCP Leadership & Goals_ARCHIVE,Supervisor Certification Program Weekly (Leadership & Goals),ILT Content,1,,,,,,,,0,AGG.University@dummydata.com,,,Business & Leadership for Data Analysis with R
Leadership_SCP Quality & Problem Solving,Supervisor Cert - Quality & Problem Solving,ILT Content,1,,144000,,,,,angelaadmin,0,,,,Enterprise Development to Full Stack Developer
Leadership_SCP Quality & Problem Solving,Supervisor Cert - Quality & Problem Solving,ILT Content,1,,144000,,,,,jenadmin,0,,,,Enterprise Development to Full Stack Developer
Leadership_SCP Quality & Problem Solving,Supervisor Cert - Quality & Problem Solving,ILT Content,1,,144000,,,,,KY004130,0,,,,Enterprise Development to Full Stack Developer
Leadership_SCP Quality & Problem Solving,Supervisor Cert - Quality & Problem Solving,ILT Content,1,,144000,,,,,MT000080951,0,,,,Enterprise Development to Full Stack Developer
Leadership_SCP Quality & Problem Solving,Supervisor Cert - Quality & Problem Solving,ILT Content,1,,144000,,,,,TX002096,0,,,,Enterprise Development to Full Stack Developer
Leadership_SCP Quality & Problem Solving,Supervisor Cert - Quality & Problem Solving,ILT Content,1,,144000,,,,,tyleradmin,0,,,,Enterprise Development to Full Stack Developer
Leadership_SCP Quality & Problem Solving_ARCHIVE,Supervisor Certification Program Weekly (Quality & Problem Solving),ILT Content,1,,,,,,,,0,AGG.University@dummydata.com,,,Productivity Tools for Web App Vulnerability Analyst
Leadership_SCP Standard Work & Training_ARCHIVE,Supervisor Certification Program Weekly (Standard Work & Training),ILT Content,1,,,,,,,,0,AGG.University@dummydata.com,,,Productivity Tools with Agile for Software Development
Leadership_SCP Standard Work & Training,Supervisor Cert - Standard Work & Training,ILT Content,1,,144000,,,,,angelaadmin,0,,,,Software Project Analyst to Senior Software Project Manager
Leadership_SCP Standard Work & Training,Supervisor Cert - Standard Work & Training,ILT Content,1,,144000,,,,,jenadmin,0,,,,Software Project Analyst to Senior Software Project Manager
Leadership_SCP Standard Work & Training,Supervisor Cert - Standard Work & Training,ILT Content,1,,144000,,,,,KY004130,0,,,,Software Project Analyst to Senior Software Project Manager
Leadership_SCP Standard Work & Training,Supervisor Cert - Standard Work & Training,ILT Content,1,,144000,,,,,MT000080951,0,,,,Software Project Analyst to Senior Software Project Manager
Leadership_SCP Standard Work & Training,Supervisor Cert - Standard Work & Training,ILT Content,1,,144000,,,,,TX002096,0,,,,Software Project Analyst to Senior Software Project Manager
Leadership_SCP Standard Work & Training,Supervisor Cert - Standard Work & Training,ILT Content,1,,144000,,,,,tyleradmin,0,,,,Software Project Analyst to Senior Software Project Manager
Leadership_SCP TPS & Safety,Supervisor Cert - TPS & Safety,ILT Content,1,,144000,,,,,angelaadmin,0,,,,Business & Leadership for Journeyman Developers
Leadership_SCP TPS & Safety,Supervisor Cert - TPS & Safety,ILT Content,1,,144000,,,,,jenadmin,0,,,,Business & Leadership for Journeyman Developers
Leadership_SCP TPS & Safety,Supervisor Cert - TPS & Safety,ILT Content,1,,144000,,,,,KY004130,0,,,,Business & Leadership for Journeyman Developers
Leadership_SCP TPS & Safety,Supervisor Cert - TPS & Safety,ILT Content,1,,144000,,,,,MT000080951,0,,,,Business & Leadership for Journeyman Developers
Leadership_SCP TPS & Safety,Supervisor Cert - TPS & Safety,ILT Content,1,,144000,,,,,TX002096,0,,,,Business & Leadership for Journeyman Developers
Leadership_SCP TPS & Safety,Supervisor Cert - TPS & Safety,ILT Content,1,,144000,,,,,tyleradmin,0,,,,Business & Leadership for Journeyman Developers
Leadership_SCP TPS & Safety (weekly),Supervisor Certification Program Weekly (TPS & Safety),ILT Content,0,,144000,,,,,,0,AGG.University@dummydata.com,,,Business & Leadership for API Developers
Leadership_SCP TPS & Safety (weekly),Supervisor Certification Program Weekly (TPS & Safety),ILT Content,1,,144000,,,,,,0,AGG.University@dummydata.com,,,Business & Leadership for API Developers
Leadership_AGGNA Leadership Workshop and Training,AGGNA Leadership Workshop and Training,ILT Content,1,en-us,,,Annual program created to help develop local leaders within AGGNA and requires team members to select projects they can continuously improve in their own department. The course is led by a AGGNA leader and is made up of several meetings over 6-8 months with a final presentation at the end.,,,,0,AGG.University@dummydata.com,,,Business & Leadership for Python Master
Leadership_TPS (AGGU),TPS I,ILT Content,0,en-us,,,,,,,0,,,,Engineering Lead
Leadership_TPS (vendor),TPS Basics for Management,ILT Content,0,en-us,,,,,,,0,,,,Productivity Tools for Site Reliability Engineers
Leadership_TWI Job Instruction - Refresher Course,TWI Job Instruction - 10 Hour (Refresher),ILT Content,1,,,,Refresh your memory on how to use the TWI Job Instruction method when teaching others how to do a job. This training is a refresher course for the 10-hour TWI Job Instruction certification which you obtained in the past.,,,,1,AGG.University@dummydata.com,,,Novice Developer to Pythonista
Leadership_TWI Job Instruction 10-hour,TWI Job Instruction 10-hour Certification,ILT Content,1,en-us,,," By obtaining this 10-hour certification, participants will be able to use the TWI method when teaching others how to do a job. TWI Institute (Training Within Industry) has determined the steps of the TWI Job Instruction method to be the best way of teaching someone how to do a job correctly, safely, and conscientiously.",,,angelaadmin,1,AGG.University@dummydata.com,,,Business & Leadership for Software Architects
Leadership_TWI Job Instruction 10-hour,TWI Job Instruction 10-hour Certification,ILT Content,1,en-us,,," By obtaining this 10-hour certification, participants will be able to use the TWI method when teaching others how to do a job. TWI Institute (Training Within Industry) has determined the steps of the TWI Job Instruction method to be the best way of teaching someone how to do a job correctly, safely, and conscientiously.",,,ASK111041,1,AGG.University@dummydata.com,,,Business & Leadership for Software Architects
Leadership_TWI Job Instruction 10-hour,TWI Job Instruction 10-hour Certification,ILT Content,1,en-us,,," By obtaining this 10-hour certification, participants will be able to use the TWI method when teaching others how to do a job. TWI Institute (Training Within Industry) has determined the steps of the TWI Job Instruction method to be the best way of teaching someone how to do a job correctly, safely, and conscientiously.",,,jenadmin,1,AGG.University@dummydata.com,,,Business & Leadership for Software Architects
Leadership_TWI Job Instruction 10-hour,TWI Job Instruction 10-hour Certification,ILT Content,1,en-us,,," By obtaining this 10-hour certification, participants will be able to use the TWI method when teaching others how to do a job. TWI Institute (Training Within Industry) has determined the steps of the TWI Job Instruction method to be the best way of teaching someone how to do a job correctly, safely, and conscientiously.",,,KY004130,1,AGG.University@dummydata.com,,,Business & Leadership for Software Architects
Leadership_TWI Job Instruction 10-hour,TWI Job Instruction 10-hour Certification,ILT Content,1,en-us,,," By obtaining this 10-hour certification, participants will be able to use the TWI method when teaching others how to do a job. TWI Institute (Training Within Industry) has determined the steps of the TWI Job Instruction method to be the best way of teaching someone how to do a job correctly, safely, and conscientiously.",,,MT000080951,1,AGG.University@dummydata.com,,,Business & Leadership for Software Architects
Leadership_TWI Job Instruction 10-hour,TWI Job Instruction 10-hour Certification,ILT Content,1,en-us,,," By obtaining this 10-hour certification, participants will be able to use the TWI method when teaching others how to do a job. TWI Institute (Training Within Industry) has determined the steps of the TWI Job Instruction method to be the best way of teaching someone how to do a job correctly, safely, and conscientiously.",,,MT000110156,1,AGG.University@dummydata.com,,,Business & Leadership for Software Architects
Leadership_TWI Job Instruction 10-hour,TWI Job Instruction 10-hour Certification,ILT Content,1,en-us,,," By obtaining this 10-hour certification, participants will be able to use the TWI method when teaching others how to do a job. TWI Institute (Training Within Industry) has determined the steps of the TWI Job Instruction method to be the best way of teaching someone how to do a job correctly, safely, and conscientiously.",,,TX002096,1,AGG.University@dummydata.com,,,Business & Leadership for Software Architects
Leadership_TWI Job Instruction 10-hour,TWI Job Instruction 10-hour Certification,ILT Content,1,en-us,,," By obtaining this 10-hour certification, participants will be able to use the TWI method when teaching others how to do a job. TWI Institute (Training Within Industry) has determined the steps of the TWI Job Instruction method to be the best way of teaching someone how to do a job correctly, safely, and conscientiously.",,,tyleradmin,1,AGG.University@dummydata.com,,,Business & Leadership for Software Architects
Leadership_TWI Job Instruction 10-hour (SCP),TWI Job Instruction 10-hour Certification (SCP),ILT Content,1,en-us,36000,,TWI-JI 10-hr Cert completed during Supervisor Certification Program (SCP),,,,0,AGG.University@dummydata.com,,,Data Visualization
Leadership_TWI Job Relations 10-hour,TWI Job Relations 10-hour Certification,ILT Content,1,en-us,,,,,,angelaadmin,0,,,,Productivity Tools for API Developers
Leadership_TWI Job Relations 10-hour,TWI Job Relations 10-hour Certification,ILT Content,1,en-us,,,,,,jenadmin,0,,,,Productivity Tools for API Developers
Leadership_TWI Job Relations 10-hour,TWI Job Relations 10-hour Certification,ILT Content,1,en-us,,,,,,KY004130,0,,,,Productivity Tools for API Developers
Leadership_TWI Job Relations 10-hour,TWI Job Relations 10-hour Certification,ILT Content,1,en-us,,,,,,MT000080951,0,,,,Productivity Tools for API Developers
Leadership_TWI Job Relations 10-hour,TWI Job Relations 10-hour Certification,ILT Content,1,en-us,,,,,,TX002096,0,,,,Productivity Tools for API Developers
Leadership_TWI Job Relations 10-hour,TWI Job Relations 10-hour Certification,ILT Content,1,en-us,,,,,,tyleradmin,0,,,,Productivity Tools for API Developers
Leadership_TWI Job Relations 10-hour (SCP),TWI Job Relations 10-hour Certification (SCP),ILT Content,1,en-us,36000,,TWI-JR 10-hr Cert completed during Supervisor Certification Program (SCP),,,,0,,,,AI Apprentice to AI Architect
Leadership_TWI_T3 Job Instruction Instructor (40-hr ),TWI Job Instruction - Instructor (40 Hour),ILT Content,1,en-us,,,40 hr. TWI Job Instruction Class. For Instructors,,,,0,,,,Productivity Tools with Serverless Deployments for Developers
Leadership_TWI_T3 Job Relations Instructor (40-hr. cert),TWI Job Relations - Instructor (40 Hour),ILT Content,1,en-us,,,,,,,0,,,,Managing & Leading through Unexpected Disruption
"Lean Manufacturing ""Simulation Workshop"" (vendor)",Lean Manufacturing Simulation Workshop,ILT Content,0,en-us,,,,,,,0,,,,Business & Leadership for Developer Fundamentals
Legal_FMLA for Management (AGG specifics),FMLA for Management (AGG specifics),ILT Content,1,en-us,,," Your, and your employees', rights and responsibilities under the Family Medical Leave Act (Recertification required only when updated) This training complies with AGGMO standards.",,,,0,,,,Productivity Tools for AI Architects
Motivating Others (MAC),Motivating Others Workshop,ILT Content,0,en-us,,,,,,,0,,,,Business & Leadership for Site Reliability Engineers
OLD_Compliance_Bloodborne Pathogens (ILT Course),OLD_Bloodborne Pathogens,ILT Content,0,en-us,3600,,"Dangers of bloodborne pathogens, common means of transmission, and the use of personal protective equipment; required for First Aid/CPR/AED Certification (1-year Recertification) This training complies with OSHA standard 1910.151.",,,,0,AGG.University@dummydata.com,,,Javanista to Java Master
Onboarding_Mentor Certification Training,Mentor Certification,ILT Content,1,,10800,," This course is designed for Team Members who want to mentor new AGG employees. Learn what the Mentor Program is all about, what your role and responsibilities will be, and obtain your certification as a designated Mentor.",,,,1,AGG.University@dummydata.com,,,Enriched Web Development with Angular 11
Onboarding_Mentoring Program,Mentoring Program,ILT Content,0,,,," This program is intended to give new hires a solid foundation as they adapt to their new positions. Participants will be required to complete 2 surveys: a 10-Day Touchback Survey and a 20-Day Touchback Survey. These surveys will be in their LMS and available for completion at 10 and 20 days, respectfully, from the day they are registered in the Mentoring Program.",,,,0,AGG.University@dummydata.com,,,Business & Leadership for Javanista to Java Master
PACTC (vendor),1000 hours Computer Maintenance,ILT Content,0,en-us,,,,,,,0,,,,Pythonista to Python Master
PACTC (vendor) Wiring,Residential Wiring,ILT Content,0,en-us,,,,,,,0,,,,Productivity Tools for Business Analyst to Data Analysts
Paint_Paint 101,Paint 101,ILT Content,0,en-us,,,,,,,0,,,,Security Essentials for Decision-makers and Leaders
PDM225 (vendor),PDM225 SOLIDWORKS PDM User Professional,ILT Content,0,en-us,,,,,,,0,,,,Productivity Tools for CloudOps Engineers
PDM305 (vendor),PDM305 Solidworks PDM Administrator Professional,ILT Content,0,en-us,,,,,,,0,,,,Productivity Tools for Data Analysis with R
PerkinElmer (vendor),ICP-Optima Instrumentation with Syngistix Software,ILT Content,0,en-us,,,,,,,0,,,,Business & Leadership for Go Programming Essentials
Platts 4th Annual Scrap Seminar (vendor),Platts 4th Annual Scrap Seminar,ILT Content,0,en-us,,,,,,,0,,,,Software Product Management Proficiency
PLC (MAC),Programmable Logical Controllers Troubleshooting Class,ILT Content,0,en-us,,,,,,,0,,,,Programmer to API Developer
Poly_Leather Wrap Skills Table (AGGU),Leather Wrap Skills Table,ILT Content,0,en-us,,,,,,,0,,,,Agile for Software Development
Precision Sensing for High Tech Industries (vendor),Precision Sensing for High Tech Industries - BAL - LUFF,ILT Content,0,en-us,,,,,,,0,,,,Java Novice to Javanista
Price Risk Management (vendor),Price Risk Management in Steel Workshop,ILT Content,0,en-us,,,,,,,0,,,,Data Analysis with R
Problem Solving_QC Story,QC Story,ILT Content,0,en-us,,,,,,,0,,,,Business & Leadership for AI and ML for Decision-makers
Problem Solving_Six Sigma GB (Process Stabilization),AGGU Six Sigma Green Belt Training,ILT Content,0,en-us,,,,,,,0,,,,Business & Leadership for Engineering Lead
Problem Solving_Six Sigma Greenbelt (Villanova),Six Sigma Green Belt (Villanova),ILT Content,0,en-us,,,,,,,0,,,,Business & Leadership with Serverless Deployments for Developers
Process Optimization (vendor),Process Optimization Training,ILT Content,0,en-us,,,,,,,0,,,,Productivity Tools for Decision-makers and Leaders
Process Optimization Scientific Molding (vendor),Process Optimization Scientific Molding,ILT Content,0,en-us,,,,,,,0,,,,AI and ML for Decision-makers
QR code ILTcourse,QR code ILTcourse,ILT Content,1,,,,,,,,0,,,,Web App Vulnerability Analyst
Quality_Critical Parts-Quality Course (AGGNA),Critical Parts-Quality Course,ILT Content,0,en-us,,,,,,,0,,,,Business & Leadership for Pythonista
Quantity Verification for Ret (vendor),Quantity Verification for Ret,ILT Content,0,en-us,,,,,,,0,,,,Enterprise Development to DevOps Engineer
Record_A3 Training,A3 Training,ILT Content,1,,,,"A3 training, presented by Art Prather.",,,,0,,,,Business & Leadership for Software Product Management
Record_Employee Relations Training ILT,Employee Relations Training - Foundations HR,ILT Content,1,,,,Employee Relations Training at AGGNAI. Provided by Foundations HR.,,,,0,AGG.University@dummydata.com,,,Productivity Tools for Journeyman Developers
Requirement_Certificate of AGG Auditor,Certificate of AGG Auditor,ILT Content,1,en-us,,,,,,,0,AGG.University@dummydata.com,,,Infrastructure Support Engineer to CloudOps Engineer
Requirement_ISO/TS 16949 Internal Quality Auditor,ISO/TS 16949 Internal Quality Auditor,ILT Content,1,,,,,,,,0,AGG.University@dummydata.com,,,Developer Fundamentals
Requirement_Lead Auditor Training with Supplier Auditor Certification,Lead Auditor Training with Supplier Auditor Certification,ILT Content,1,en-us,,,,,,,0,,,,Network Admin to Site Reliability Engineer
Requirement_Lead Auditor Validation,Lead Auditor Validation,ILT Content,1,en-us,,,,,,,0,AGG.University@dummydata.com,,,Productivity Tools for Senior Software Project Managers
Requirement_LMS Coordinator Training,LMS Coordinator Training,ILT Content,1,,,,"This training will provide you with the information you need to administer the LMS for your AGG location (i.e. assess rosters, build profiles, check training reports, etc).",,,,0,AGG.University@dummydata.com,,,5G Technologies and Practices
Requirement_LMS Introduction for Managers_SP,LMS Introduction for Managers (AGGU will Assess),ILT Content,1,,1800,,"Hands-on LMS training, where Supervisors and Managers will learn how to use the LMS and automated reports to proactively manage training in their departments.",,,,0,AGG.University@dummydata.com,,,Web App Vulnerability Analyst - 2022 Update
Requirement_LMS Introduction_SP,LMS Introduction (AGGU will Assess),ILT Content,1,,1800,,"Hands-on LMS training, where employees will learn how to login to the LMS and complete compliance and other job-related trainings.",,,,0,AGG.University@dummydata.com,,,Business & Leadership for Programming Python in Action
Requirement_Maintenance Connection (For Technicians),Maintenance Connection (For Technicians),ILT Content,1,,3600,,"Contact Brian Robinson to schedule this training. The training will teach you how to properly create and complete work orders, and review and complete assignments (No Recertification Required). This training complies with AGG Missouri requirements.",,,,1,AGG.University@dummydata.com,,,Go Programming Essentials
Requirement_OJT Certification_AGGASK,OJT Trainer Certification (AGGASK),ILT Content,1,,,,Certifies team member to be an On-the-Job Trainer @ AGGASK,,,,0,AGG.University@dummydata.com,,,Productivity Tools for Javanista
Requirement_OJT Certification_AGGMINTO,OJT Trainer Certification (AGGMINTO),ILT Content,1,,,,Certifies team member to be an On-the-Job Trainer @ AGGMINTO,,,,0,AGG.University@dummydata.com,,,Productivity Tools for Software Architects
Requirement_OJT Certification_AGGTX,OJT Trainer Certification (AGGTX),ILT Content,1,,,,Certifies team member to be an On-the-Job Trainer,,,,0,AGG.University@dummydata.com,,,Productivity Tools for Data Visualization
Requirement_Process Owner Training for IATF,Process Owner Training for IATF,ILT Content,1,,3600,,Requirement for IATF.,,,,0,AGG.University@dummydata.com,,,Business & Leadership for AI Architects
"Requirement_Quality Engineer IATF Training for Control Plans, PFMEAs, & Critical Characteristics","Quality Engineer IATF Training for Control Plans, PFMEAs, & Critical Characteristics",ILT Content,1,,2700,,IATF Requirement.,,,,0,,,,Productivity Tools for 5G Technologies and Practices
Requirement_TL Daily Management AGGKY,T/L Daily Management Training (AGGKY),ILT Content,1,,,,For new & existing team leaders to learn the importance of following daily management sheets and preparing them to be successful production leaders.,,,,0,AGG.University@dummydata.com,,,Business & Leadership for Javanista
RWMA Resistance Welding School (vendor),RWMA Resistance Welding School,ILT Content,0,en-us,,,,,,,0,,,,Business & Leadership for Enriched Web Development with Angular 11
S4 Programming I (vendor),S4 Programming I,ILT Content,0,en-us,,,,,,,0,,,,Programming Python in Action
Safety_DOT Hazardous Material Employee Training (vendor),DOT Hazardous Material Employee Training,ILT Content,0,en-us,,,,,,,0,,,,Business Analyst to Data Analyst
Safety_Dupont Stop (AGG Safety Dept.),Dupont Stop,ILT Content,0,en-us,,,,,,,0,,,,Serverless Deployments for Developers
Safety_Emergency Planning & Comunity Right-to-Know (Trinity Consultants),Intro to Emergency Planning & Community Right-to-Know,ILT Content,0,en-us,,,,,,,0,,,,Productivity Tools for Web App Vulnerability Analyst
Safety_Kiken Yochi,Kiken Yochi (Contact the Safety Dept. to Schedule),ILT Content,1,en-us,2700,,,,,,0,,,,Developer to Software Architect
Safety_Kiken Yochi (SCP),Kiken Yochi (SCP),ILT Content,1,en-us,2700,,Kiken Yochi training obtained through the Supervisor Certification Program (SCP),,,,0,,,,Productivity Tools for Python Master
Safety_OSHA 10-hour Construction Industry,OSHA 10-hour Construction Industry,ILT Content,0,en-us,,,,,,,0,,,,Efficiency & Productivity in the New Normal
SkillsUSA (vendor),Electronics Applications / Technology Assessment,ILT Content,0,en-us,,,,,,,0,,,,Business & Leadership for Data Analysis with R
SkillsUSA (vendor) Computer Maintenance,Computer Maintenance Technology Proficiency Assessment,ILT Content,0,en-us,,,,,,,0,,,,Enterprise Development to Full Stack Developer
SRT_Certified Professional in Training Management,Certified Professional in Training Management,ILT Content,0,,,,"The Certified Professional in Training Management (CPTM™) program is the only credential focused specifically on the role of the training manager. As a CPTM, you will gain the skills needed to manage corporate training programs that align with your company’s goals – now and in the future. You will develop core competencies that will allow you to demonstrate your expertise in training management and impact change across the business.",,,,0,,,,Productivity Tools for Web App Vulnerability Analyst
Steel Markets North America Conference (vendor),12th Annual Steel Markets North America Conference,ILT Content,0,en-us,,,,,,,0,,,,Productivity Tools with Agile for Software Development
Subpart H - Training (vendor),49 CFR 172.700,ILT Content,0,en-us,,,Certification for safe transportation of dangerous goods by land (3-year Recertification),,,,0,,,,Software Project Analyst to Senior Software Project Manager
Succession Planning_Next Level Leadership,Next Level Leadership,ILT Content,1,en-us,,,"In order to grow, we must know our roots. At Next Level Leadership, we’ll begin by focusing on three proven assessments to solidify your team’s leadership foundation. These include a DiSC Workplace Profile, an Emotional Intelligence Profile, and a Productive Conflict Profile. From there, our goal is to enhance leadership knowledge and skillsets through our seven impactful topics.",,,,0,AGG.University@dummydata.com,,,Business & Leadership for Journeyman Developers
Succession Planning_OJT Training,On-the-Job Training (OJT) for Succession Planning,ILT Content,1,,,,"Acquire management skills on-the-job from your mentor or other qualified manager(s). Your mentor must submit confirmation to AGGU, stating that you have completed On-the-Job Training (OJT) for the purpose of succession planning. Once confirmation is received, AGGU will mark the activity complete in your succession plan.",,,,0,AGG.University@dummydata.com,,,Business & Leadership for API Developers
Supplier Requirement_Lexus Dojo Training (AGGU),Lexus Dojo Training,ILT Content,0,en-us,,,,,,,0,,,,Business & Leadership for Python Master
SXSIG_GB_Exam_Prep_(MAC),Six Sigma Green Belt Training / Exam Prep (MAC),ILT Content,0,en-us,,,,,,,0,,,,Engineering Lead
TEC 1900 (College Transcript),Technical Mathematics I,ILT Content,0,en-us,,,,,,,0,,,,Productivity Tools for Site Reliability Engineers
Technical_Advanced PLCs (MAC),Advanced Programmable Logical Controllers,ILT Content,0,en-us,,,,,,,0,,,,Novice Developer to Pythonista
Technical_Basic PLC (MAC),Basic Programmable Logical Controllers (MAC),ILT Content,0,en-us,,,,,,,0,,,,Business & Leadership for Software Architects
Technical_Basic PLC (Omron),Basic PLC Programing (Omron),ILT Content,0,en-us,,,,,,,0,,,,Data Visualization
Technical_Electrical Level 1 Lab (Ranken),Electrical Level 1 Lab for Amatrol (Ranken),ILT Content,0,en-us,,,,,,,0,,,,Productivity Tools for API Developers
Technical_Electrical Level 2 Lab (Ranken),Electrical Level 2 Lab for Amatrol (Ranken),ILT Content,0,en-us,,,,,,,0,,,,AI Apprentice to AI Architect
Technical_Fanuc Level I (Ranken),Fanuc Robotics Basic - Level I (Ranken),ILT Content,1,en-us,,, This training complies with AGG standards.,,,,0,,,,Productivity Tools with Serverless Deployments for Developers
Technical_Fanuc Level II (Ranken),Fanuc Robotics Intermediate - Level II (Ranken),ILT Content,1,en-us,,, This training complies with AGG standards.,,,,0,,,,Managing & Leading through Unexpected Disruption
Technical_Fanuc Level III (Ranken),Fanuc Robotics Advanced - Level III (Ranken),ILT Content,1,en-us,,, This training complies with AGG standards.,,,,0,,,,Business & Leadership for Developer Fundamentals
Technical_Intermediate PLC (Omron),Intermediate PLC Programming (Omron),ILT Content,0,en-us,,,,,,,0,,,,Productivity Tools for AI Architects
Technical_Mechanical Level 1 Lab (Ranken),Mechanical Level 1 Lab for Amatrol (Ranken),ILT Content,0,en-us,,,,,,,0,,,,Business & Leadership for Site Reliability Engineers
Technical_Mechanical Level 2 Lab (Ranken),Mechanical Level 2 Lab for Amatrol (Ranken),ILT Content,1,en-us,,, This training complies with AGG standards.,,,,0,,,,Javanista to Java Master
Technical_Metallurgy of Die Casting Alloys (vendor),Metallurgy of Die Casting Alloys,ILT Content,0,en-us,,,,,,,0,,,,Enriched Web Development with Angular 11
Technical_Oxyacetylene Welding (vendor),Oxyacetylene Welding,ILT Content,0,en-us,,,,,,,0,,,,Business & Leadership for Javanista to Java Master
Technical_PQ2 (vendor),PQ2,ILT Content,0,en-us,,,,,,,0,,,,Pythonista to Python Master
Technical_Ranken IET Program,RANKEN IET Program,ILT Content,1,,,,Roster for Ranken IET Students.,,,,0,,,,Productivity Tools for Business Analyst to Data Analysts
Technician Type Universal (vendor),Technician Type Universal,ILT Content,0,en-us,,,,,,,0,,,,Security Essentials for Decision-makers and Leaders
TestCertificationExpiration,TestCertificationExpiration,ILT Content,1,en-us,1800,,"In this course, we will be looking at how the hoshin targets are cascaded down throughout the organization, starting from the Americas group hoshin down to individual team members. You will also become familiar with the top down approach to goal setting and how each level of the company contributes to goals.  This is a AGGNA requirement and it is an annual recertification for all salary employees.",,,,0,AGG.University@dummydata.com,,,Productivity Tools for CloudOps Engineers
AGG Activity,In-House Monozukuri - TPS,ILT Content,0,en-us,,,,,,,0,,,,Productivity Tools for Data Analysis with R
AGGNA_Legal Compliance Training (GM's & Above),Legal Compliance Training (GM's & Above),ILT Content,0,en-us,,,,,,,0,,,,Business & Leadership for Go Programming Essentials
Time Management Workshop (MAC),Time Management Workshop,ILT Content,0,en-us,,,,,,,0,,,,Software Product Management Proficiency
Traceability in Manufacturing using RFID - BAL - L,Traceability in Manufacturing using RFID - BAL - LUFF,ILT Content,0,en-us,,,,,,,0,,,,Programmer to API Developer
Train the Trainer_Forklift Instructor,Forklift Instructor,ILT Content,1,en-us,,,Requirements and expectations of a Forklift Instructor (No Recertification) This training complies with OSHA standard 1910.178.,,,,0,,,,Agile for Software Development
Train the Trainer_Intro to AGG (Online) Facilitator Certification,Intro to AGG (Online) Facilitator Certification,ILT Content,1,en-us,,,Certification to facilitate Intro to AGG (Online) Orientation to new hires and conversion employees (No Recertification),,,,0,,,,Java Novice to Javanista
Train the Trainer_Intro to AGG Facilitator Certification,Intro to AGG Facilitator Certification,ILT Content,1,en-us,,,Certification to facilitate Intro to AGG Orientation to new hires and conversion employees (No Recertification),,,,0,,,,Data Analysis with R
Train the Trainer_Kiken Yochi Instructor,Kiken Yochi Instructor,ILT Content,1,en-us,,,,,,,0,,,,Business & Leadership for AI and ML for Decision-makers
Train the Trainer_Overhead Crane Instructor,Overhead Crane Instructor,ILT Content,1,en-us,,,Requirements and expectations of an Overhead Crane Instructor (No Recertification) This training complies with OSHA standard 1910.179.,,,,0,,,,Business & Leadership for Engineering Lead
Train the Trainer_Scissor & Boom Instructor,Scissor & Boom Instructor,ILT Content,1,en-us,,, Requirements and expectations of a Scissor & Boom Instructor (No Recertification) This training complies with OSHA standard OSHA 1910.67.,,,,0,,,,Business & Leadership with Serverless Deployments for Developers
Train the Trainer_TWI Job Instruction Instructor (40-hr cert.),TWI Job Instruction Instructor (40 Hour),ILT Content,0,en-us,,,,,,,0,,,,Productivity Tools for Decision-makers and Leaders
Work Keys (vendor),Work Keys Profile,ILT Content,0,en-us,,,,,,,0,,,,AI and ML for Decision-makers
Working As A High Performance Team (MAC),Working As A High Performance Team,ILT Content,0,en-us,,,,,,,0,,,,Web App Vulnerability Analyst
Working Through Conflict (MAC),Working Through Conflict Workshop,ILT Content,0,en-us,,,,,,,0,,,,Business & Leadership for Pythonista
XRC Basic Programming using VRC (vendor),XRC Basic Programming using VRC,ILT Content,0,en-us,,,,,,,0,,,,Enterprise Development to DevOps Engineer
