Audience Code,Audience Name,Audience Active,Audience Description
1Compliance News,Compliance News,1,Test
4_Week_New_Hire_Survey,4 Week New Hire Survey,1,All new hires (temp and direct)
503_-_Upgrade_generated_audience,503 - Upgrade generated audience,1,"This is upgrade generated audience from AGGMissouri Audience(AGGMissouri), All Users (DO NOT ASSIGN)(Global) created in Global"
8BR_Second_Attempt,8BR Second Attempt,1,Test
Abnormal Handling_ Test Audience,Abnormal Handling_ Test Audience,1,This Audience have Abnormal Handling_ Test Audience Users only.
Actual_vs_Budget,Actual vs Budget,1,Asst Managers up to VP
AGG_ASK_Audience,AGG ASK Audience,1,Default audience for AGG ASK domain
AGG_FS_Audience,AGG FS Audience,1,Default audience for AGG FS domain
AGG_GDBR_Audience,AGG GDBR Audience,1,Default audience for AGG GDBR domain
AGG_IMX_Audience,AGG IMX Audience,1,Default audience for AGG IMX domain DO NOT DELETE OR OVERRIDE
AGG_KY_Audience,AGG KY Audience,1,Default audience for the AGG KY domain.
AGG_KY_Reporting_Audience,AGG KY Reporting Audience,1,This Audience have AGG KY Reporting Audience Users only.
AGG_Kinto_Audience,AGG Kinto Audience,1,Default audience for AGG Kinto domain
AGG_Kinto_Reporting_Audience,AGG Kinto Reporting Audience,1,Reporting audience for AGG Kinto domain.
AGG_MO_Audience,AGG MO Audience,1,Default audience for AGG MO domain
AGG_NA_Audience,AGG NA Audience,1,Default audience for AGG NA domain
AGG_PECVAL_Audience,AGG PECVAL Audience,1,Default audience for AGG PECVAL domain
AGG_RMX_Audience,AGG RMX Audience,1,Default audience for AGG RMX domain
AGG_RMX_Course_Assignment,AGG RMX Course Assignment,1,AGGRMX Percipio Access audience and course assignment audience.
AGG_RMX_Reporting_Audience,AGG RMX Reporting Audience,1,Audience for AGG RMX Managers.
AGG_South_India_Audience,AGG South India Audience,1,Default audience for AGG South India domain
AGG_Spirit_for_New_Hires_(delete),AGG Spirit for New Hires (delete),1,"For ""Intro to AGG"" ILT trainings (it's included in the curriculum for the ""Intro to AGG"" online version)"
AGG_TAPEX_Audience,AGG TAPEX Audience,1,Default audience for AGG TAPEX domain
AGG_TAPEX_WEST_Audience,AGG TAPEX WEST Audience,1,Default audience for AGG TAPEX WEST domain
AGG_TX_Audience,AGG TX Audience,1,Default audience for AGG TX domain
AGG_Waterville_Audience,AGG Waterville Audience,1,Default audience for AGG Waterville domain
AGGNA_HR_Reporting,AGGNA HR Reporting,1,Audience for AGGNA HR leaders.
AGGNA_Reporting_Audience,AGGNA Reporting Audience,1,Reporting audience for the AGGNA domain.
AGGNAI_-_HR_Manager_Report,AGGNAI - HR Manager Report,1,This Audience have AGGNAI - HR Manager Report Users only.
Aida Test Audience,Aida's Test Audience,1,Audience Test for Aida to Practice On.
ALL_LMS_COORDINATORS,All LMS Coordinators,1,Audience for all LMS coordinators to manage coordinator specific access to library materials.
All_Managers_and_Above,All Managers and Above,1,This Audience have All Managers and Above Users only.
ALL_MANAGERS_IMX,ALL MANAGERS (IMX),1,An audience containing ALL MANAGERS for Library Visibility. DO NOT ASSIGN TO ACTIVITIES. REGISTRATION AUDIENCE ONLY.
ALL_MANAGERS_AGGFS,ALL MANAGERS (AGGFS),1,An audience containing ALL MANAGERS for Library Visibility. DO NOT ASSIGN TO ACTIVITIES. REGISTRATION AUDIENCE ONLY.
ALL_MANAGERS_AGGMO,ALL MANAGERS (AGGMO),1,An audience containing ALL MANAGERS for Library Visibility. DO NOT ASSIGN TO ACTIVITIES. REGISTRATION AUDIENCE ONLY.
ALL_Supervisor_&_Above,ALL Supervisor & Above,1,For getting the number of supervisor & above
all_users,All Users (DO NOT ASSIGN),1,ONLY FOR REGISTRATION AND LIBRARY VISIBILITY. DO NOT ASSIGN.
ASK - First Aid,First Aid Certification,1,Members of the First Aid Team
ASK - OJT Members,OJT Members (ASK),1,This Audience have OJT Members (ASK) Users only.
ASK - Statement of Confidentiality,Statement of Confidentiality,1,New salaried employees
ASK - Supervisor Cert Guidelines,SCP Guidelines (ASK),1,Participants of the Supervisor Certification Program
ask_reporting_audience,ASK Reporting Audience,1,Reporting audience for the ASK domain.
Battery_Charger_Training,Battery Charger Training,1,Battery charger training for shipping and receiving team members.
Box_Truck_Safety_Instruction,Box Truck Safety Instruction,1,box truck operators____ Planning & Receiving Dept
Bulk_Acid_Unloading,Bulk Acid Unloading,1,Dept. 6218
Chrome_Dept._6218_Curriculum,Chrome Dept. 6218 Curriculum,1,Dept. 6218
CIS_Reporting_Audience,CIS Reporting Audience,1,Audience for access to CIS reports.
Compliance_Corner_-_Test_File_Marcus,Compliance Corner - Test File Marcus,1,Compliance Corner - Test File Marcus
compliance_registration_audience,Compliance Course Registration Audience,1,An audience for compliance and other courses that need to be shared among domains.
Contabilidad_Lean,Contabilidad Lean,1,All Accounting
Container_Management,Container Management,1,Paint__Plating__Injection__Maintenance__Machine and tools__
Container_Management_(EWI_4.6.40),Container Management (EWI 4.6.40),1,Dept. 4602____ Dept. 6225____ Dept. 4634____ Dept. 4634X____ Dept. 4521X____ Dept. 4665____ Dept. 6616M
Critical Safety Parts (SV & TL)_2022,Critical Safety Parts [SV & TL],1,Audience for Supervisors and Team Leaders for Critical Safety Parts 2022
Critical Safety Parts [Op and Maintenance],Critical Safety Parts [Op and Maintenance],1,This Audience have Critical Safety Parts [Op and Maintenance] Users only.
Critical Safety Parts [QC & PE],Critical Safety Parts [QC & PE],1,Audience for Critical Safety Parts [QC & PE]
CSP_OP&MAINT_2022,CSP_OP&MAINT_2022,1,Audience for Critical Safety Parts Training for Operators and Maintenance. (AGGJ 2022)
CSP_Survey_Reconciliation,Critical Safety Parts,1,Audience to ensure all that have previously taken the Critical Safety Parts training can add input to the survey.
Customer_Critical_Characteristics_Training_I/E,Customer Critical Characteristics Training I/E,1,"Audience for all I/E division members at AGGMO and BTX, except IE Shipping 5019."
Customer_Critical_Characteristics_Training_SS,Customer Critical Characteristics Training SS,1,Audience for all SS division members at AGGMO and BTX.
DELETE_TEST FOR PHPR,DELETE_TEST FOR PHPR,1,This Audience have DELETE_TEST FOR PHPR Users only.
Document_Control_Procedure,Document Control Procedure,1,New Engineers
due Dec 10th,AGG Covid Vaccination Incentive Survey DEC 10TH,1,All company audience for AGG Vaccine Survey. Due by December 10th.
due JAN 31,AGG Covid Vaccination Incentive Survey JAN 31,1,Audience for 2nd round of Covid Vaccine Incentive Responses. Only pushed to audience members from previous group who did not complete the survey.
due March 31st,Covid Vaccine Incentive Survey (due March 31st),1,This Audience have Covid Vaccine Incentive Survey (due March 31st) Users only.
Electrical_Safety,Electrical Safety,1,"Engineer (Chrome, Electrical, Mechanical)____ Engineering Tech TPS____ Engineering Tech I, II, III____ Machine Engineer I, II, III____ Maintenance Team Member I, II, III, IV,V,VI____ Manufacturing Engineering I, II, III____ Mold Engineer I, II____ Production Engineer I____ TPS Engineer I, II, Maintenance Team Member, Jr"
Electrical_Safety,Electrical Safety,1,This Audience have Electrical Safety Users only.
Emergency_Response_Team_(MO),Emergency Response Team (MO),1,AGGMO Emergency Response Team
Emotional_Intelligence_for_Managers,Emotional Intelligence for Managers,1,"Audience for the Emotional Intelligence for Managers curriculum. Managers, Assistant Managers, and Senior Managers."
Emotional_Intelligence_Training,Emotional Intelligence Training,1,Asst GM's and above
Engineering_Tech_I_Training_Plan_(TEST),Engineering Tech I Training Plan (TEST),1,This Audience have Engineering Tech I Training Plan (TEST) Users only.
expense_report_training,Expense Report Training,1,Expense report training audience for all Managers and Supervisors.
Failure_Mode_&_Effects_Analysis_(FMEA),Failure Mode & Effects Analysis (FMEA),1,Quality Engineers____ Manufacturing Engineers____ Engineering Techs____ Internal Auditors
Fall_Protection,Fall Protection,1,"Dept. 5090, 5091, 5091I _____ Maintenance I,II,III,IV,V,VI; Maintenance Engineer, Maintenance Team Member, Jr _____ Maintenance Dept. Supervisors & Managers"
Fall_Protection,Fall Protection,1,for personnel who work at heights
FMLA_(Family_Medical_Leave_Act),FMLA (Family Medical Leave Act),0,Supervisors____ Managers____ General Managers
For testing Spanish Translations,Test Translations - Spanish,1,This Audience have Test Translations - Spanish Users only.
Forklift_Certification_(AGGBTX),Forklift Certification (AGGBTX),1,Individuals who require have Forklift Certification.
Forklift_Certification_(AGGMS),Forklift Certification (AGGMS),1,Individuals who require Forklift Certification
Forklift_Certification_(AGGNAI),Forklift Certification (AGGNAI),1,Individuals who require Forklift Certification Dept: 5020I
Forklift_Re-Certify,Forklift Re-Certify,1,"Employee has a prior record of completion, but needs to re-certify (ex. hasn't operated a forklift in more than a year)"
Forklift_Remediation_(AGGBTX),Forklift Remediation (AGGBTX),1,"Individuals who have been involved in an accident, near-miss, or management has deemed retraining necessary."
Forklift_Remediation_(AGGMO),Forklift Remediation (AGGMO),1,"Individuals have been involved in an accident, near-miss, or management has deemed retraining necessary."
Forklift_Remediation_(AGGMS),Forklift Remediation (AGGMS),1,"Individuals who have been involved in an accident, near-miss, or management has deemed retraining necessary."
Forklift_Remediation_(AGGNAI),Forklift Remediation (AGGNAI),1,"Individuals who have been involved in an accident, near-miss, or management has deemed retraining necessary."
Forklift_View_in_Library,Forklift View in Library,1,This Audience have Forklift View in Library Users only.
FS - Legal Compliance,AGG Legal Compliance Training,1,For SPVRs and above
fs_reporting_audience,FS Reporting Audience,1,Reporting audience for FS domain.
GDBR - Portuguese Version - Harassment Prevention for Managers,Global Workplace Harassment Prevention for Managers,1,Supervisors & Managers
GDBR_Coordinators_Temporary,GDBR Coordinators,1,Audience for Coordinators(Coordenador) at AGGGDBR
GDBR_Expats_Temporary,GDBR Expats,1,Audience for Expats at GDBR
GDBR_Managers,GDBR Managers,1,Audience for Managers(Gerente) at AGGGDBR
GDBR_Supervisors_Temporary,GDBR Supervisors,1,Audience for Supervisors at AGGGDBR
Ghost_Audience,Ghost Audience,1,Default audience for Ghost domain
Glacial_Acetic_Acid_(GAA)_Work_Instruction,Glacial Acetic Acid (GAA) Work Instruction,1,This Audience have Glacial Acetic Acid (GAA) Work Instruction Users only.
Global - Tamson ME,Tamson Links (Mold Engineers),1,This Audience have Tamson Links (Mold Engineers) Users only.
Global - Tamson MS,Tamson Links (Mold Setter),1,This Audience have Tamson Links (Mold Setter) Users only.
Global - Tamson PE,Tamson Links (Production Engineers),1,This Audience have Tamson Links (Production Engineers) Users only.
Global - Tamson QE,Tamson Links (Quality Engineers),1,This Audience have Tamson Links (Quality Engineers) Users only.
"Global - Training Plan - Supervisor, Production (TEST)","Supervisor, Production - Training Plan",1,(TEST) Applies to all production supervisors
Global_Audience,Global Audience,1,Default audience for Global domain
Global_Data Architecture,Data Architecture,1,Computer training for engineers
Global_Data Science,Data Science,1,Computer training for supervisors & engineers
Global_Executive_Development_(GED),Global Executive Development (GED),1,This Audience have Global Executive Development (GED) Users only.
Global_Executive_Seminar_(GES),Global Executive Seminar (GES),1,This Audience have Global Executive Seminar (GES) Users only.
Global_IT Literacy Entry Level,IT Literacy - Entry Level,1,Computer courses for Supervisors
Global_Japanese version_Harassment Prevention for Managers,Global Workplace Harassment Prevention for Managers (Japanese),1,This Audience have Global Workplace Harassment Prevention for Managers (Japanese) Users only.
Global_Leadership_Development_Program_(GLDP),Global Leadership Development Program (GLDP),1,Presidents____ Vice Presidents
Global_PHPR_NonManagers,NEW_Preventing Harassment & Promoting Respect for Non-Managers,1,"Preventing Harassment and Promoting Respect for Non-Managers. Assigns 3 Activities. COMPLIANCE SHORT: Preventing Harassment and Promoting Respect 1,2,3."
Global_Workplace_Harassment_Prevention_for_Managers,Global Workplace Harassment Prevention for Managers,1,Global Workplace Harassment Training for ALL NAMCs. Supervisors and Above. Hoshin FY 21
Guardhouse_Requirements,Guardhouse Requirements,1,Guardhouse Group
Guest,Guest,1,This Audience have Guest Users only.
Handwritten_Changes_on_Controlled_Documents,Handwritten Changes on Controlled Documents,1,"All Supervisors, Managers, Engineers, and Set-up"
Hazardous_Waste_Labeling_(EWI_4.6.31),Hazardous Waste Labeling (EWI 4.6.31),1,"Dept. 6218 pushed by curriculum (entire department, including Supervisors & Managers)_____ Dept. 6225 (entire department, including Supervisors & Managers)_____ [SS] Depts.: 6164, 6189, 6191, 6193, 6196, 6198 (with job titles of Maintenance Team Members I,II,III, IV; Supervisors; Managers)_____ [IE] Dept.: 5040 (Maintenance Team Members I, II, III, IV; Supervisors; Managers)_____ [NAI] Dept: 5040I (Maintenance Team Members I, II, III, IV; Supervisors; Managers)____"
Hazardous_Waste_Labeling_(EWI_4.6.31),Hazardous Waste Labeling (EWI 4.6.31),1,Maintenance 3455 & 3355____Dept. 3467____Dondori 3469____Extrusion 3473
Hazardous_Waste_Storage/Removal_(EWI_4.6.32),Hazardous Waste Storage/Removal (EWI 4.6.32),1,Dept. 8032
Hazards_for_3M_Adhesion_Promoter,Hazards for 3M Adhesion Promoter,1,Audience for Hazards for 3M Adhesion Promoter.
Hazards_for_NMP_Cleaner,Hazards for NMP Cleaner,1,Hazards for NMP Cleaner. For all members of Poly and Poly management. 1 year recertification.
Hazwoper_40,Hazwoper 40,1,Emergency Response Team
Hazwoper_8,Hazwoper 8,1,Emergency Response Team
Hearing_Conservation,Hearing Conservation,1,Dept. 4633____ Dept. 4633X____ Dept. 4507____ Dept. 4507X____ Hearing Conservation Group
Hexavalent_Chromium,Hexavalent Chromium,1,Dept. 6218____ Dept. 8032____ Safety Specialist
IATA_Dangerous_Goods_(Air),IATA Dangerous Goods (Air),1,Employees who ship dangerous goods by air & sign shipping manifests
ILT,Global Machine Safety Standard ILT,1,This Audience have Global Machine Safety Standard ILT Users only.
IMDG_Dangerous_Goods_(Sea),IMDG Dangerous Goods (Sea),1,Employees who ship dangerous goods by water & sign shipping manifests
IMX - 8BR,8BR (8 Basic Requirements),1,Production TM's after 3 years of service
IMX - 8BR for New Hires,8BR (8 Basic Requirements) for New Hires,1,This Audience have 8BR (8 Basic Requirements) for New Hires Users only.
IMX - Antitrust Compliance Oath,Antitrust Compliance Oath,1,All salary job titles
IMX - Benefits Orientation,Intro to AGG - Benefits Orientation (IMX),1,All IMX new hires
IMX - Benefits Orientation (REHIRES),Intro to AGG - Benefits Orientation Rehire (IMX),1,Rehire audience for IMX benefits orientation.
IMX - Bribery Guidelines,Bribery Guidelines,1,Asst Managers____Managers___Senior Managers
IMX - Business Conduct Agreement,Business Conduct Agreement,1,all salary job titles
IMX - Calidad Incorporada (Built-in Quality) (todos los módulos),Built in Quality (All Modules),1,This Audience have Built in Quality (All Modules) Users only.
IMX - Cámbio Rápido – Quick Changeover: El sistema SMED (todos los módulos),Quick Changeover: The SMED System (All Modules),1,This Audience have Quick Changeover: The SMED System (All Modules) Users only.
IMX - Chrome Physical,Chrome Physical,1,Plating
"IMX - Conferencia de Masaaki Imai sobre Gemba, Kaizen y Lean (todos los módulos)","Conference on Gemba, Kaizen, and Lean (All Modules)",1,"This Audience have Conference on Gemba, Kaizen, and Lean (All Modules) Users only."
IMX - Confined Space,Confined Space,1,This Audience have Confined Space Users only.
IMX - Electrical Safety,Electrical Safety,1,Maintenance____ Engineering
IMX - Fall Protection,Fall Protection,1,This Audience have Fall Protection Users only.
IMX - Filehold,Filehold Training,1,managers and staff
IMX - Fire Extinguisher E-course,Fire Extinguisher E-course (IMX),1,temporary audience for Spanish version of Fire Extinguisher - to be used until SumTotal updates Production to 21.1
IMX - First Aid,First Aid Certification,1,This Audience have First Aid Certification Users only.
IMX - Forklift Certification,Forklift Certification (IMX),1,This Audience have Forklift Certification (IMX) Users only.
IMX - Harassment Prevention,Workplace Harassment Prevention for Managers,1,managers
IMX - Hazcom,Hazard Communication,1,Paint____ Plating____ Some members in Receiving
IMX - Hearing Conservation,Hearing Conservation,1,Pintura members
IMX - Hexavalent Chromium,Hexavalent Chromium,1,Assistant Manager in Platinado____ Engineer of Platinado____ Supervisor of Platinado
IMX - Intro to AGG Orientation,Intro to AGG - Orientation (IMX),1,All IMX new hires
IMX - Las 7 Herramientas de Control de Calidad (todos los módulos),Seven Quality Control Tools (All Modules),1,This Audience have Seven Quality Control Tools (All Modules) Users only.
IMX - Legal Compliance,AGG Legal Compliance Training,1,For SPVR's and Above
IMX - LIVE Fire,LIVE Fire Extinguisher Certification (IMX),1,Paint____Plating____Maintenance
IMX - LMS Intro SPANISH,LMS Introduction (Online) - SPANISH,1,This Audience have LMS Introduction (Online) - SPANISH Users only.
IMX - Mantenimiento Productivo Total (TPM) (todos los módulos),Total Productive Maintenance (All Modules),1,This Audience have Total Productive Maintenance (All Modules) Users only.
IMX - OHC,Overhead Crane Cert. (IMX),1,This Audience have Overhead Crane Cert. (IMX) Users only.
IMX - Phishing & Cybersecurity,Phishing and Cybersecurity Basics,1,all salaried employees
IMX - Planeación Hoshin (todos los módulos),Hoshin Planning (All Modules),1,This Audience have Hoshin Planning (All Modules) Users only.
IMX - Pulmonary Function Test,Pulmonary Function Test,1,Plating____ Paint
IMX - RBT,RBT (Regional Basic Training) AGGIMX,1,RBT Audience for IMX
IMX - Reporte A3 (todos los módulos),A3 Thinking (All Modules),1,This Audience have A3 Thinking (All Modules) Users only.
IMX - Respiratory Protection E-Course,Respiratory Protection E-Course,1,Platinado and Pintura members
IMX - Scissor & Boom,Scissor & Boom Cert. (AGGIMX),1,This Audience have Scissor & Boom Cert. (AGGIMX) Users only.
IMX - Scrubber Evacuation,Scrubber Evacuation,1,Platinado____ individual maintenance personnel
IMX - Statement of Confidentiality,Statement of Confidentiality,1,accounting____human resources____sales
IMX - Static Grounding Standards,Static Grounding Standards,1,Supervisors & Lead Team Members in Paint and Plating____ Maintenance Team Members____ Engineers____ Receiving PA Team Members
IMX - Sustainable Development Goals,Sustainable Development Goals,1,Asst. GM and above
IMX - TACTIS,TACTIS,1,263465 QA – Just the position QA Engenieers 263475 – Process Engeniering 263460 – PPCC
IMX - Transformando Su Cadena De Valor (todos los módulos),Transforming Your Value Streams (All Modules),1,This Audience have Transforming Your Value Streams (All Modules) Users only.
IMX - Welding Safety,Welding Safety,1,Kaizen (TPS members)____ maintenance TM's
IMX Location,Lockout Tagout (Authorized),1,"Machine & Tools____Human Resources Safety Specialist, Env. & Health Ocup., Safety Tech____Plating engineers & maintenance____Equipment Engineering"
imx_reporting_audience,IMX Reporting Audience,1,Reporting access for the IMX domain. DO NOT DELETE OR OVERRIDE
Indiana Location,First Aid Certification - AGGNAI,1,"AGGNAI Team Members that volunteer to be on First Aid Team and are First Aid Certified: Heartsaver First Aid CPR AED is a video-based, instructor-led course that teaches students critical skills needed to respond to and manage an emergency until emergency medical services arrives."
Initiative_-_TEST,Initiative - TEST,1,This Audience have Initiative - TEST Users only.
Injection_Machine_Nozzle_Removal_(AGGMO),Injection Machine Nozzle Removal (AGGMO),1,"Audience for users who need to take Injection Machine Nozzle Removal Training. Departments 5040, 5040I, 5040M, 5041."
INT007,Test Audience (Intel),1,This is a test audience for Adam W to learn his way around the LMS System
Intern_test,Intern test,1,This Audience have Intern test Users only.
Internet_Security_Awareness,Internet Security Awareness,1,AGGNA employees
INTRO_TO_AGG_REHIRE_IMX,Intro to AGG - Orientation Rehire (IMX),1,Audience to assign intro to AGG to rehired employees at IMX.
IT_Reporting_Audience,IT Reporting Audience,1,Reporting audience for IT Training.
Kanban_Handling,Kanban Handling,1,"Kanban Handling training for Supervisors, Lead Team Members, and Production Team Members in dept 4501."
Kanban_system,Kanban system,1,PPCC engenieer____ Líder de empuje____ Comprador de materiales
Kiken_Yochi,Kiken Yochi,1,"All Production, Quality, Setup, and Maintenance Supervisors"
L&D_Member_Percipio_Access,L&D Member Percipio Access,1,HR Management Audience for Percipio access
Learnin Plan_Shift Leader (IE Mold Maint),Shift Leader (IE Mold Maint),1,Requirements for Shift Leader in IE Mold Maintenance 5043
Learning Plan_Assistant General Manager (IE),Assistant General Manager (IE),1,Requirements for Assistant General Manager in IE
Learning Plan_Design Engineer I,Design Engineer I,1,Requirements for Design Engineer I
Learning Plan_Design Engineer II,Design Engineer II,1,Requirements for Design Engineer II
Learning Plan_Design Engineer III,Design Engineer III,1,Requirements for Design Engineer III
Learning Plan_Engineering Technician I (Chrome),Engineering Technician I (Chrome),1,Requirements for Engineering Technician I in IE Chrome 6218
Learning Plan_Engineering Technician I (IE Manf Eng),Engineering Technician I (IE Manf Eng),1,Requirements for Engineering Technician I in IE Manufacturing Engineering 6219
Learning Plan_Engineering Technician I (IE Mold Maint),Engineering Technician I (IE Mold Maint),1,Requirements for Engineering Technician I in IE Mold Maintenance 5043
Learning Plan_Engineering Technician I (Paint),Engineering Technician I (Paint),1,Requirements for Engineering Technician I in IE Paint 6225
Learning Plan_Engineering Technician II (Chrome),Engineering Technician II (Chrome),1,Requirements for Engineering Technician II in IE Chrome 6218
Learning Plan_Engineering Technician II (IE Manf Eng),Engineering Technician II (IE Manf Eng),1,Requirements for Engineering Technician II in IE Manufacturing Engineering 6219
Learning Plan_Engineering Technician II (IE Mold Maint),Engineering Technician II (IE Mold Maint),1,Requirements for Engineering Technician II in IE Mold Maintenance 5043
Learning Plan_Engineering Technician II (Paint),Engineering Technician II (Paint),1,Requirements for Engineering Technician II in IE Paint 6225
Learning Plan_Engineering Technician III (Chrome),Engineering Technician III (Chrome),1,Requirements for Engineering Technician III in IE Chrome 6218
Learning Plan_Engineering Technician III (IE Manf Eng),Engineering Technician III (IE Manf Eng),1,Requirements for Engineering Technician III in IE Manufacturing Engineering 6219
Learning Plan_Engineering Technician III (IE Mold Maint),Engineering Technician III (IE Mold Maint),1,Requirements for Engineering Technician III in IE Mold Maintenance 5043
Learning Plan_Engineering Technician III (Paint),Engineering Technician III (Paint),1,Requirements for Engineering Technician III in IE Paint 6225
Learning Plan_General Manager (IE),General Manager (IE),1,Requirements for General Manager in IE
Learning Plan_Machine Engineer I (SS),Machine Engineer I (SS),1,Requirement for Machine Engineer I in SS Machine Engineering-Mass Prod 5083
Learning Plan_Machine Engineer II (SS),Machine Engineer II (SS),1,Requirement for Machine Engineer II in SS Machine Engineering-Mass Prod 5083
Learning Plan_Machine Engineer III (SS),Machine Engineer III (SS),1,Requirement for Machine Engineer III in SS Machine Engineering-Mass Prod 5083
Learning Plan_Manufacturing Engineer I (IE Manf Eng),Manufacturing Engineer I (IE Manf Eng),1,Requirements for Manufacturing Engineer I in IE Manufacturing Engineering 6219
Learning Plan_Manufacturing Engineer I (Paint),Manufacturing Engineer I (Paint),1,Requirements for Manufacturing Engineer I in IE Paint Dept 6225
Learning Plan_Manufacturing Engineer II (IE Manf Eng),Manufacturing Engineer II (IE Manf Eng),1,Requirements for Manufacturing Engineer II in IE Manufacturing Engineering 6219
Learning Plan_Manufacturing Engineer II (IE),Manufacturing Engineer II (IE),1,Requirements for Manufacturing Engineer II in IE Paint Dept 6225
Learning Plan_Manufacturing Engineer III,Manufacturing Engineer III,1,Requirements for Manufacturing Engineer III in IE Paint Dept 6225
Learning Plan_Manufacturing Engineer III (IE Manf Eng),Manufacturing Engineer III (IE Manf Eng),1,Requirements for Manufacturing Engineer III in IE Manufacturing Engineering 6219
Learning Plan_Mold Engineer I (IE),Mold Engineer I (IE),1,Requirements for Mold Engineer I in IE Mold Maintenance 5043
Learning Plan_Mold Engineer II (IE),Mold Engineer II (IE),1,Requirements for Mold Engineer II in IE Mold Maintenance 5043
Learning Plan_Mold Engineer III (IE),Mold Engineer III (IE),1,Requirements for Mold Engineer III in IE Mold Maintenance 5043
Learning Plan_President,President,1,Requirements for President
Learning Plan_Quality Engineer I (IE),Quality Engineer I (IE),1,Requirements for Quality Engineer I in IE Quality Control 6260
Learning Plan_Quality Engineer II (IE),Quality Engineer II (IE),1,Requirements for Quality Engineer II in IE Quality Control 6260
Learning Plan_Quality Engineer III (IE),Quality Engineer III (IE),1,Requirements for Quality Engineer III in IE Quality Control 6260
Learning Plan_Senior Design Engineer,Senior Design Engineer,1,Requirements for Senior Design Engineer
Learning Plan_Senior General Manager (IE),Senior General Manager (IE),1,Requirements for Senior General Manager in IE
Learning Plan_Vice President,Vice President,1,Requirements for Vice President
Legal_Compliance_(Managers),Legal Compliance (Managers),1,All Managers____ All General Managers
Legal_Compliance_(Supervisors),Legal Compliance (Supervisors),1,ALL_SUPERVISORS
Lider_Inspiracional,Lider Inspiracional,1,Curso para promoción de TM a Staff
LIVE_Fire_Extinguisher_Instructor_Certification,LIVE Fire Extinguisher Instructor Certification,1,Instructors for LIVE fire extinguisher training which involves hands-on training
LMS Leadership Courses (Kinto) Ongoing,LMS Leadership Courses (Kinto),1,Ongoing audience for Percipio access for AGG Kinto Leadership Courses. Supervisors and above.
LMS_Introduction_(Online)_Stratford,LMS Introduction (Online) Stratford,1,LMS Introduction Online for Stratford Employees.
LMS_Introduction_for_Coordinators,LMS Introduction for Coordinators,1,This Audience have LMS Introduction for Coordinators Users only.
LMS_Introduction_Online_(AGGMO),LMS Introduction Online (AGGMO),1,LMS Introduction for AGGMO users (non-orientation)
LMS_Leadership_Courses_-_Palmerston_(Kinto),LMS Leadership Courses - Palmerston (Kinto),1,"Audience for Percipio access and course assignment for Kinto leadership development. LeaderTech, Supervisor, Manager, and above. Palmerston only."
LMS_Leadership_Courses_-_Stratford_(Kinto),LMS Leadership Courses - Stratford (Kinto),1,"Audience for Percipio access and course assignment for Kinto leadership development. Supervisor, Manager, and above. Stratford only."
LMS_Training_Request_Access,LMS Training Request Access,1,An audience for additional access to the LMS training request system.
LMS_Training_Request_Access_(AGGFS),LMS Training Request Access (AGGFS),1,This Audience have LMS Training Request Access (AGGFS) Users only.
LMS_Training_Request_Access_(AGGKY),LMS Training Request Access (AGGKY),1,LMS training request access for AGGKY.
LMS_Training_Request_Access_(AGGNA),LMS Training Request Access (AGGNA),1,LMS Training Request Access for AGGNA members.
Maintenance_Connection_(Tech_Level),Maintenance Connection (Tech Level),1,"Maintenance Team Member (I, II, III, IV), Shift Leaders, and Tool & Die Makers in Dept. 5040, 5041, 5042, and 5043"
Manager Report Audience,Manager Report Audience,1,Audience for ability to run Manager's Report DO NOT MAKE CHANGES
Manager_Only_Reporting_Audience_(AGGMO),Manager Only Reporting Audience (AGGMO),1,Managers only reporting audience for AGGMO.
Masayuki_Kanamori_Direct_Training,Masayuki Kanamori Direct Training,1,Training audience for specific assignment per Rhonda for TX Paint Advisor
Material_Handling_(Hazmat),Material Handling (Hazmat),1,Individuals in Planning and Receiving Department who receive and handle hazardous materials.
Material_Handling_(Hazmat)_Procedure,Material Handling (Hazmat) Procedure,1,Production Management
Material_Handling_Haz_Mat,Material Handling Haz Mat,1,Receiving material handlers
Material_Marking,Material Marking,1,This Audience have Material Marking Users only.
Mentor_Certification,Mentor Certification,1,Mentors designated for new hires.
Middle_Management_Training_(MMT),Middle Management Training (MMT),1,Assistant Managers____ Managers____ Assistant GM's
Kinto,Kinto,1,This Audience have Kinto Users only.
Kinto - Antitrust Compliance Oath,Antitrust Compliance Oath,1,All salaried employees (job titles)
Kinto - Benefits Orientation,Intro to AGG - Benefits Orientation,1,New full-time direct hires
Kinto - Benefits Orientation (REHIRE),Intro to AGG - Benefits Orientation (REHIRE),1,Rehires who were gone for 1 year or longer
Kinto - Bribery Guidelines,Bribery Guidelines,1,"AGM, GM, SR GM"
Kinto - Business Conduct Agreement,Business Conduct Agreement,1,All salaried employees
Kinto - COVID-19 Vaccination Survey,COVID-19 Vaccination Survey - Kinto,1,Assigned to all users of AGG Kinto.
Kinto - Electrical Safety,Electrical Safety,1,Engineering____ Maintenance____ TPS
Kinto - First Aid,First Aid Certification,1,This Audience have First Aid Certification Users only.
Kinto - Forklift,Forklift Certification (Kinto),1,This Audience have Forklift Certification (Kinto) Users only.
Kinto - Intro to AGG,Intro to AGG - Orientation,1,all Kinto users
Kinto - Intro to AGG (REHIRE),Intro to AGG - Orientation (REHIRE),1,Rehires who were gone for 1 year or longer
Kinto - Isocyanates,Isocyanates,1,This Audience have Isocyanates Users only.
Kinto - Leader Tech Leadership Courses,Leadership Courses - Stratford LTs,1,Leader Techs at Kinto - Stratford
Kinto - Legal Compliance,AGG Legal Compliance Training,1,Supervisors and above
Kinto - LMS Intro,LMS Introduction (Online),1,All AGGKinto employees
Kinto - LMS Intro for Managers,LMS Introduction for Managers (Online),1,anyone who manages others
Kinto - LOTO,Lockout Tagout (Authorized),1,Maintenance TM and Set Up Techs at Palmerston and Stratford
Kinto - New Hire Requirements,Kinto Orientation Required Courses,1,"New Hires____ WHMIS, Fire Safety, Preventing Harassment & Violence, Occupational Health & Safety"
Kinto - OJT Members,OJT Members (Kinto),1,This Audience have OJT Members (Kinto) Users only.
Kinto - Orientation Initiative,Initiative - Orientation (Kinto),1,This Audience have Initiative - Orientation (Kinto) Users only.
Kinto - Overhead Crane,Overhead Crane Certification,1,This Audience have Overhead Crane Certification Users only.
Kinto - Tamson Mold Engineering,Tamson Mold Engineering,0,Future - Mold Technician job title
Kinto - Tamson Mold Set Up,Tamson Mold Set Up,0,Currently - Injection Molding Technician & Set Up Tech in MT4101 and MT4101S Future - add job titles Assistant Manager & Leader Tech & Supervisor (in same departments)
Kinto - Tamson Production Engineering,Tamson Production Engineering,1,Currently - Maintenance in MT5240 and MT5240S; Managers in MT5240 & MT5240S & MT6530 & MT5290; Exclude David McMullen by name; add Mark Lange by name Future - Electrician in MT5240 and MT5240S; Engineer-Process in MT6530 and MT6530S; Supervisor in MT5240 and MT5240S and MT5290 and MT5290S; Technician in MT5290 and MT6530 and MT6530S; TPS Tech in MT5290 and MT5290S
Kinto - Percipio Access,Percipio Leadership Access,1,Gives access to Percipio Leadership E-Courses & Books
Kinto - Phishing & Cybersecurity,Phishing & Cybersecurity Basics,1,All salaried employees (job titles) & others who have company email addresses
Kinto - Pulmonary Medical Surveillance,Pulmonary Function Test,1,Paint____ Paint Indirect___ individual members
Kinto - RBT,RBT (Regional Basic Training),1,salaried employees
Kinto - Rehires Orientation Online,Rehire Orientation Curriculum Online Requirements (Kinto),1,For rehires only - who have previously completed the New Hire Initiative
Kinto - Respiratory Protection & Fit Test,Respiratory Protection & Fit Test,1,This Audience have Respiratory Protection & Fit Test Users only.
Kinto - Scissor & Boom,Scissor & Boom Certification,1,This Audience have Scissor & Boom Certification Users only.
Kinto - Statement of Confidentiality,Statement of Confidentiality,1,All salaried employees
Kinto - Supervisor Guidelines,SCP Guidelines (Kinto),1,SCP participants
Kinto - Supervisor Health & Safety,Supervisor Health & Safety Awareness,1,Any Kinto employee who has subordinates
Kinto - Welding,Welding Safety,1,maintenance TMs at Palmerston and Stratford
Kinto - WHMIS,WHMIS,1,This Audience have WHMIS Users only.
Kinto - Workplace Diversity,"Workplace Diversity, Equity & Inclusion in Action",1,"This Audience have Workplace Diversity, Equity & Inclusion in Action Users only."
Kinto users - test,Kinto users - test,1,This Audience have Kinto users - test Users only.
Mississippi Location,First Aid Certification - AGGMS,1,"AGGMS Team Members that volunteer to be on First Aid Team and are First Aid Certified: Heartsaver First Aid CPR AED is a video-based, instructor-led course that teaches students critical skills needed to respond to and manage an emergency until emergency medical services arrives."
MMT - New Structure,New MMT Training,1,This Audience have New MMT Training Users only.
MO - Legal Compliance,AGG Legal Compliance Training,1,For SPVR's and above
MO - Tamson Mold Engineering,Tamson Mold Engineering,0,Mold Engineers
MO - Tamson Mold Setters,Tamson Mold Setters,0,Mold Set-up TM's & Direct Mold Set-up TM's in Dept. 4623___ Supervisors in Dept. 4623X
MO - Tamson Production Engineering,Tamson Production Engineering,0,Production Engineers
MO - Tamson Quality Engineering,Tamson Quality Engineering,1,Quality Engineers
New Hire Training Plan for OJTP - Test,New Hire Training Plan for OJTP - Test,1,This Audience have New Hire Training Plan for OJTP - Test Users only.
New Test Audience,New Test Audience,1,This Audience have New Test Audience Users only.
New_Audience,New Audience,1,This Audience have New Audience Users only.
New_Hire_Survey,New Hire Survey,1,All New Hires (temp and direct)
New_Open_Sesame_Audience,New Open Sesame Audience,1,This Audience have New Open Sesame Audience Users only.
New_Test_Audience,New Audience,1,This Audience have New Audience Users only.
OHC_REHIRE_AUDIENCE_AGGMO,Overhead Crane Rehire Audience (AGGMO),1,Rehire audience for reassignment of activities to individuals who leave the company and return after more than 1 year has passed.
OneHR - HIPAA,HIPAA for OneHR,1,HR____ Payroll____ Employee Relations____
Ongoing,Preventing Harassment and Promoting Respect (ongoing),1,Assigns the three Global Harassment Courses to employees after 30 days of hire. AGG Global Harassment for Employees
Open_Sesame_Audience,Open Sesame Audience,1,Default audience for Open Sesame domain
OSHA_10,OSHA 10,1,Student Group
OSHA_30,OSHA 30,1,Student Group
Overhead_Crane_Cert._(AGGMS),Overhead Crane Cert. (AGGMS),1,Individuals who need to operate overhead cranes____ Mold Set Up Team Members
Overhead_Crane_Cert._(AGGNAI),Overhead Crane Cert. (AGGNAI),1,Individuals who need to operate overhead cranes___ Dept. 5043I____ Mold Set Up Team Members
Overhead_Crane_Remed._(AGGMO),Overhead Crane Remed. (AGGMO),1,"Individuals who have been involved in an accident, near-miss, or management has deemed retraining necessary."
Overhead_Crane_Remed._(AGGMS),Overhead Crane Remed. (AGGMS),1,"Individuals who have been involved in an accident, near-miss, or management has deemed retraining necessary."
Overhead_Crane_Remed._(AGGNAI),Overhead Crane Remed. (AGGNAI),1,"Individuals who have been involved in an accident, near-miss, or management has deemed retraining necessary."
Tamson Test,Tamson Test,1,This Audience have Tamson Test Users only.
Percipio_Business_Courses_Access,Percipio Business Courses Access,1,An audience for access to Percipio Business courses.
Percipio_CIS,CIS_Percipio,1,Audience for AGGNA CIS individuals to peruse the Percipio library.
PERCIPIO_MANAGER_ACCESS (AGGMO),Percipio Manager Access (AGGMO),1,Percipio Access Audience for AGGMO Managers.
Phishing and Cybersecurity Basics (REMEDIATION),Phishing and Cybersecurity Basics (REMEDIATION),1,Remediation audience for Phishing and Cybersecurity Basics. Based on names provided by CIS based on performance in their random phishing scenarios.
Plating_on_Plastics_(POP),Plating on Plastics (POP),1,Required for technical employees in Chrome Dept. - Requested by Amy Conwell (June 2019)
Preventing Harassment and Violence in the Canadian Workplace (Remediation),Preventing Harassment and Violence in the Canadian Workplace (Remediation),1,Audience for Canadian Harassment and Violence training. Only for direct assignments as a result of HR policy for remediation or retraining.
Process_Implementation_and_Changes,Process Implementation and Changes,1,"Manufacturing Engineers I, II, III"
Production_Mold_Change_Safety_Procedure,Production Mold Change Safety Procedure,1,Dept. 4623____ Mold Set-Up Team Members
Propane_Training,Propane Training,1,Any forklift certified employee that operate a propane forklift. Managers are responsible for assigning propane training on an individual bases.
push_ training due,Training Coming Due Push Notification,1,A notification setup for training coming due.
push_expired_training,Expired Training Push Notification,1,push notification audience for expired training.
push_incomplete_training,Incomplete Activities Push Notification,1,A push notification for incomplete training.
push_reminder to attend,Reminder to Attend Training Push Notification,1,Push notification audience to remind employee to attend training.
Quality_Control_-_6260,Quality Control - 6260,1,IATF
Rack_Recoat_Hazard_Training_for_Maintenance_TMs,Rack Recoat Hazard Training for Maintenance TMs,1,Rack recoat safety training for Maintenance Team Members 3-6 in department 5040.
Rack_Recoat_Safety_Training,Rack Recoat Safety Training,1,Safety Training for Rack Recoat TMs.
Read & Sign,Global Machine Safety Standards Training,1,This Audience have Global Machine Safety Standards Training Users only.
Registration Audience,TWI Job Instruction - Refresher Course (Registration Audience),1,"Allows registration only from Supervisors, Managers, and those who have completed TWI JI 10-hour Certification"
Registration_Test_Audience,Registration Test Audience (Do not assign),1,This Audience have Registration Test Audience (Do not assign) Users only.
Regulated_Medical_Waste_Packaging,Regulated Medical Waste Packaging,1,Student Group
Reporting_Audience_for_AGGMO_Administrators,Reporting Audience for AGGMO Administrators,1,This Audience have Reporting Audience for AGGMO Administrators Users only.
Reporting_Audience_for_AGGSIN_Administrators,Reporting Audience for AGGSIN Administrators,1,This Audience have Reporting Audience for AGGSIN Administrators Users only.
Respiratory_Protection,Respiratory Protection,1,Dept. 6218____ Individuals in Dept. 4665____ Emergency Response Team
Respiratory_Protection_eCourse_for_Chrome_Supervisors,Respiratory Protection eCourse for Chrome Supervisors,1,"Supervisors or managers in Chrome Dept. 6218 who manage users of the Respiratory Protection program, but who do not require the program themselves"
RM_Test_Audience_for_AGGKY,RM Test Audience for AGGKY,1,This Audience have RM Test Audience for AGGKY Users only.
RMX - LMS Introduction,LMS Introduction (Online),1,AGGRMX employees
RMX - RBT,RBT (Regional Basic Training),1,All salaried employees
safety_training_for_maintenance,Safety Training for Maintenance and Troubleshooting,1,AGGNA training for Maintenance and Engineering team members.
Salaried_MO_Employees,Salaried MO Employees,1,This Audience have Salaried MO Employees Users only.
Scissor_&_Boom_Cert._(AGGMS),Scissor & Boom Cert. (AGGMS),1,Individuals who require Scissor & Boom Certification.
Scissor_&_Boom_Cert._(AGGNAI),Scissor & Boom Cert. (AGGNAI),1,Individuals who require Scissor & Boom Certification.
Scissor_&_Boom_Remed._(AGGMO),Scissor & Boom Remed. (AGGMO),1,"Individuals who have been involved in an accident, near-miss, or management has deemed retraining necessary."
Scissor_&_Boom_Remed._(AGGMS),Scissor & Boom Remed. (AGGMS),1,"Individuals who have been involved in an accident, near-miss, or management has deemed retraining necessary."
Scissor_&_Boom_Remed._(AGGNAI),Scissor & Boom Remed. (AGGNAI),1,"Individuals who have been involved in an accident, near-miss, or management has deemed retraining necessary."
SCISSOR_BOOM_REHIRE_AUDIENCE_AGGMO,Scissor and Boom Rehire Audience (AGGMO),1,Rehire audience for reassignment of activities to individuals who leave the company and return after more than 1 year has passed.
SCP_-_L&D_Facilitators,SCP - L&D Facilitators,1,L&D Facilitators for Supervisor Certification Program
SCP_Completion_Audience,Supervisor Certification Program Completion,1,Audience to generate historical record of SCP completions.
SCP_Library_Access,SCP Library Access,1,All Supervisors and up
Scrubber_Evacuation_Awareness,Scrubber Evacuation Awareness,1,Chrome Departments
Seven_Quality_Control_Tools_for_Managers_(IE_and_SS),Seven Quality Control Tools for Managers (IE and SS),1,Specific user audience for a collection of Seven Quality Control tools. Required for IATA audit.
Shipping_Dangerous_Goods_General_Awareness,Shipping Dangerous Goods General Awareness,1,This Audience have Shipping Dangerous Goods General Awareness Users only.
Skillsoft_-_OLSA_Audience,Skillsoft - OLSA Audience,1,Default audience for Skillsoft - OLSA domain
Skillsoft_-_Percipio_Audience,Skillsoft - Percipio Audience,1,Default audience for Skillsoft - Percipio domain
Skillsoft_-_Percipio_Compliance_Audience,Skillsoft - Percipio Compliance Audience,1,Default audience for Skillsoft - Percipio Compliance domain
SLO participants,SCP Guidelines for SLO,1,Participants of the Supervisor Learning Opportunity
Special_Characteristics_Training,Special Characteristics Training,1,All employees in SS division
Statement_of_Confidentiality,Statement of Confidentiality,1,corporate administration/accounting groups: 8030____8031____8034____8035____8042____8052____8060____8030I____8031I____8030M____8031M____
Succession_Plan_for_Aaron_Harris,Succession Plan for Aaron Harris,1,This Audience have Succession Plan for Aaron Harris Users only.
Succession_Plan_for_Alec_Ernst,Succession Plan for Alec Ernst,1,This Audience have Succession Plan for Alec Ernst Users only.
Succession_Plan_for_Angie_Geile,Succession Plan for Angie Geile,1,This Audience have Succession Plan for Angie Geile Users only.
Succession_Plan_for_Angie_Kapp,Succession Plan for Angie Kapp,1,This Audience have Succession Plan for Angie Kapp Users only.
Succession_Plan_for_Angie_Prost,Succession Plan for Angie Prost,1,This Audience have Succession Plan for Angie Prost Users only.
Succession_Plan_for_Brian_Behrle,Succession Plan for Brian Behrle,1,This Audience have Succession Plan for Brian Behrle Users only.
Succession_Plan_for_Chris_Barrows,Succession Plan for Chris Barrows,1,This Audience have Succession Plan for Chris Barrows Users only.
Succession_Plan_for_Chris_Cox,Succession Plan for Chris Cox,1,This Audience have Succession Plan for Chris Cox Users only.
Succession_Plan_for_Chris_Roseman,Succession Plan for Chris Roseman,1,This Audience have Succession Plan for Chris Roseman Users only.
Succession_Plan_for_Clay_Kuehn,Succession Plan for Clay Kuehn,1,This Audience have Succession Plan for Clay Kuehn Users only.
Succession_Plan_for_Gary_Umfleet,Succession Plan for Gary Umfleet,1,This Audience have Succession Plan for Gary Umfleet Users only.
Succession_Plan_for_Jamie_Robinson,Succession Plan for Jamie Robinson,1,This Audience have Succession Plan for Jamie Robinson Users only.
Succession_Plan_for_Janel_Meyr,Succession Plan for Janel Meyr,1,This Audience have Succession Plan for Janel Meyr Users only.
Succession_Plan_for_Jason_Anderson,Succession Plan for Jason Anderson,1,This Audience have Succession Plan for Jason Anderson Users only.
Succession_Plan_for_Jason_Huber,Succession Plan for Jason Huber,1,This Audience have Succession Plan for Jason Huber Users only.
Succession_Plan_for_Jason_Robinson,Succession Plan for Jason Robinson,1,This Audience have Succession Plan for Jason Robinson Users only.
Succession_Plan_for_Jerad_Tittel,Succession Plan for Jerad Tittel,1,This Audience have Succession Plan for Jerad Tittel Users only.
Succession_Plan_for_Justin_Walker,Succession Plan for Justin Walker,1,This Audience have Succession Plan for Justin Walker Users only.
Succession_Plan_for_Kim_Layton,Succession Plan for Kim Layton,1,This Audience have Succession Plan for Kim Layton Users only.
Succession_Plan_for_Les_Renaud,Succession Plan for Les Renaud,1,This Audience have Succession Plan for Les Renaud Users only.
Succession_Plan_for_Lorenzo_Rodriguez,Succession Plan for Lorenzo Rodriguez,1,This Audience have Succession Plan for Lorenzo Rodriguez Users only.
Succession_Plan_for_Mark_Miller,Succession Plan for Mark Miller,1,This Audience have Succession Plan for Mark Miller Users only.
Succession_Plan_for_Matt_Buttke,Succession Plan for Matt Buttke,1,This Audience have Succession Plan for Matt Buttke Users only.
Succession_Plan_for_Mike_Pyle,Succession Plan for Mike Pyle,1,This Audience have Succession Plan for Mike Pyle Users only.
Succession_Plan_for_Rhonda_Ruark,Succession Plan for Rhonda Ruark,1,This Audience have Succession Plan for Rhonda Ruark Users only.
Succession_Plan_for_Scott_Abernathy,Succession Plan for Scott Abernathy,1,This Audience have Succession Plan for Scott Abernathy Users only.
Succession_Plan_for_Susan_Davis,Succession Plan for Susan Davis,1,This Audience have Succession Plan for Susan Davis Users only.
Succession_Plan_for_Tom_Huber,Succession Plan for Tom Huber,1,This Audience have Succession Plan for Tom Huber Users only.
Succession_Plan_for_Tony_Anschultz,Succession Plan for Tony Anschultz,1,This Audience have Succession Plan for Tony Anschultz Users only.
Succession_Planning_Audience_(AGGMO),Succession Planning Audience (AGGMO),1,Audience for managers in succession planning.
Succession_Planning_Reporting_Audience_(AGGMO),Succession Planning Reporting Audience (AGGMO),1,Succession planning report audience for access to the Succession Planning reports folder.
sustainable_development_goals,Sustainable Development Goals,1,"An audience for intro to SDGs. Starting with AGM and above, eventually to everyone."
Sustainable_Development_Goals_(AGGNA),Sustainable Development Goals (AGGNA),1,Sustainable Development Goals audience for AGGNA.
Sustainable_Development_Goals_(Kinto),Sustainable Development Goals (Kinto),1,SDGs for AGG Kinto
system_administrators,System Administrators,1,This Audience have System Administrators Users only.
Temp_Leader_Report_(AGGBTX)_Audience,Temp Leader Report (AGGBTX) Audience,1,Allows restriction in Advanced Reporting DO NOT ADJUST AUDIENCE
Temp_Leader_Report_(AGGMO)_Audience,Temp Leader Report (AGGMO) Audience,1,Allows restriction in Advanced Reporting DO NOT ADJUST AUDIENCE (staff updated 10-26-20)
Temp_Leader_Report_(AGGMS)_Audience,Temp Leader Report (AGGMS) Audience,1,Allows restriction in Advanced Reporting DO NOT ADJUST AUDIENCE
Temp_Leader_Report_(AGGNAI)_Audience,Temp Leader Report (AGGNAI) Audience,1,Allows restriction in Advanced Reporting DO NOT ADJUST AUDIENCE
Test,Test,1,This Audience have Test Users only.
"Test - 4 columns for Assistant Manager, Production","Assistant Manager, Production (4 columns)",1,"Problem Point - pulls in job title ""Manager, Assistant, Tech"""
"Test - 4 columns for Manager, Production","Manager, Production (4 columns)",1,"This Audience have Manager, Production (4 columns) Users only."
"Test - 4 columns for Supervisor II, Production","Supervisor II, Production (4 columns)",1,"This Audience have Supervisor II, Production (4 columns) Users only."
"Test - 4 columns for Supervisor, HR","Supervisor, HR (4 columns)",1,"This Audience have Supervisor, HR (4 columns) Users only."
"Test - 4 columns for Supervisor, Production","Supervisor I, Production (4 columns)",1,Problem Point - 10 pages of supervisor job titles
Test Audience,Test Audience,1,This Audience have Test Audience Users only.
Test Initiative - Leadership,Test Initiative - Leadership,1,This Audience have Test Initiative - Leadership Users only.
test test,Test audience (Jenni),1,This Audience have Test audience (Jenni) Users only.
test_-_all_managers/supervisors,test - all managers/supervisors,1,This Audience have test - all managers/supervisors Users only.
TEST_-_Tamson_Production_Engineering_-_TEST,TEST - Tamson Production Engineering - TEST,1,This Audience have TEST - Tamson Production Engineering - TEST Users only.
Test_-_Salary,Test - Salary,1,This Audience have Test - Salary Users only.
Test_ASK PHPR,TEST_ASK PHPR,1,Test for PHPR at ASK...Delete when correct
Test_Engineer_Tech_I_(Standard)_Learning__Plan,Test Engineer Tech I (Standard) Learning Plan,1,This Audience have Test Engineer Tech I (Standard) Learning Plan Users only.
"test_for_rule_set_""User_is_Manager_of_____employees""","test for rule set ""User is Manager of ___ employees""",1,"This Audience have test for rule set ""User is Manager of ___ employees"" Users only."
Test_IMX PHPR,Test_IMX PHPR,1,IMX Test audience
Test_New Hire Survey Audience,Test_New Hire Survey Audience,1,Troubleshooting gap in New Hire Survey audience.
TEST_Observation Checklist Observer,TEST Observation Checklist Observer,1,This Audience have TEST Observation Checklist Observer Users only.
Test_Online_Rehire_Audience,Test Online Rehire Audience,1,This Audience have Test Online Rehire Audience Users only.
Test_PHPR_Replacement,Test DEI Audience,1,This Audience have Test DEI Audience Users only.
Test_Pix Audience,Test_Pix Audience,1,This Audience have Test_Pix Audience Users only.
Test_Rehire_End_date,Test Rehire End date,1,This Audience have Test Rehire End date Users only.
Test2_ASK_PHPR,Test_ASK2_PHPR,1,This Audience have Test_ASK2_PHPR Users only.
AGG - Critical Safety Parts Control Training,Critical Safety Parts Control Training,1,For safety systems production supervisors.
AGG Global Harassment for Employees,Preventing Harassment and Promoting Respect,1,Audience for non-manager harassment training across all US locations. AGG Global Harassment for Employees
AGG_Test,Test Pix,1,This Audience have Test Pix Users only.
AGGASK - 11 Commitments,11 Commitments,1,This Audience have 11 Commitments Users only.
AGGASK - 49 CFR,49 CFR Dangerous Goods,1,This Audience have 49 CFR Dangerous Goods Users only.
AGGASK - Antitrust,Antitrust Compliance Oath,1,all salaried
AGGASK - Benefits Orientation,Intro to AGG - Benefits Orientation,1,This Audience have Intro to AGG - Benefits Orientation Users only.
AGGASK - Benefits Orientation (REHIRE),Intro to AGG - Benefits Orientation (REHIRE),1,Rehires who were gone for 1 year or longer
AGGASK - Bribery Guidelines,Bribery Guidelines,1,"AGM, GM, SGM"
AGGASK - Business Conduct,Business Conduct Agreement,1,All Salary members
AGGASK - confined space,Confined Space,1,maintenance departments
AGGASK - Critical Parts Control,Critical Safety Parts Control Training (for TM's),1,Brett Wilson specifically requested these TMs be assigned this training (4/21/22).
AGGASK - Critical Safety Parts Control Training,Critical Safety Parts Control Training,1,This Audience have Critical Safety Parts Control Training Users only.
AGGASK - Culture Survey,AGGASK Culture Survey,1,All AGGASK members
AGGASK - Electrical Safety,Electrical Safety,1,Maintenance____ TPS____ Engineering
AGGASK - Filehold Training,Filehold Training,1,This Audience have Filehold Training Users only.
AGGASK - Fire Extinguisher,Fire Extinguisher,1,"Extrusion, Maintenance, all supervisors"
AGGASK - Forklift Cert,Forklift Certification (ASK),1,This Audience have Forklift Certification (ASK) Users only.
AGGASK - Forklift Safety E-Course Recertification,Forklift E-Course Recert (ASK),1,Forklift operators who have previously completed Forklift Certification requirements. This is a 3-yr recert for the e-course only.
AGGASK - Hearing Conservation,Hearing Conservation,1,Maintenance____ TPS____ Engineering
AGGASK - initial push to FL operators,Forklift Safety E-course (AGGASK),1,Requested by Jesse McQuire
AGGASK - Intro to AGG (REHIRE),Intro to AGG - Orientation (REHIRE),1,Rehires who were gone for 1 year or longer
AGGASK - Laser Safety,Laser Safety,1,Maintenance____ TPS____ Engineering
AGGASK - Legal Compliance,AGG Legal Compliance,1,Supervisors and above
AGGASK - LMS Introduction Online,LMS Introduction (Online),1,All members of AGGASK
AGGASK - LOTO,Lockout Tagout (Authorized),1,maintenance____ some jobs in engineering
AGGASK - OHC,Overhead Crane Cert (AGGASK),1,Maintenance
AGGASK - Orientation,Intro to AGG - Orientation,1,This Audience have Intro to AGG - Orientation Users only.
AGGASK - Orientation Initiative,Initiative - Orientation (ASK),1,Directs & Temps with start date on or after 8/22/22
AGGASK - Orientation Initiative - REHIRE,Initiative - Orientation REHIRE (AGGASK),1,Rehires who were gone from the company for 1 year or longer
AGGASK - Tamson Mold Setters,Tamson Mold Setters,0,This Audience have Tamson Mold Setters Users only.
AGGASK - Phishing & Cybersecurity,Phishing & Cybersecurity Basics,1,Salaried members____ maintenance____ Kaizen____ Team Leads____ Quality____ individual users
AGGASK - RBT Managers,RBT (Regional Basic Training) AGGASK - Managers,1,RBT for AGGASK Managers and above. 14 days to complete.
AGGASK - RBT Salary,RBT (Regional Basic Training) AGGASK Salary,1,RBT for AGGASK salaried employees. 30 days to complete.
AGGASK - Scissor & Boom,Scissor & Boom Cert. (AGGASK),1,This Audience have Scissor & Boom Cert. (AGGASK) Users only.
AGGASK LMS Introduction for Managers,LMS Introduction for Managers (AGGASK),1,LMS introduction for managers. Pushed on 9/28.
AGGFS,Intro to AGG - Orientation,1,All AGGFS Team Members
AGGFS - Antitrust Compliance Oath,Antitrust Compliance Oath,1,All salaried job titles
AGGFS - Benefits Orientation,Intro to AGG - Benefits Orientation,1,New full-time direct hires
AGGFS - Boom Lift,Scissor & Boom Certified (Boom Lift),1,This Audience have Scissor & Boom Certified (Boom Lift) Users only.
AGGFS - Bribery Guidelines,Bribery Guidelines,1,"For Assistant GMs, GMs, and SGMs"
AGGFS - Business Conduct Agreement,Business Conduct Agreement,1,All salaried job titles
AGGFS - Electrical Safety,Electrical Safety,1,This Audience have Electrical Safety Users only.
AGGFS - Fall Protection,Fall Protection,1,This Audience have Fall Protection Users only.
AGGFS - Fire Extinguisher,Fire Extinguisher,1,This Audience have Fire Extinguisher Users only.
AGGFS - First Aid,First Aid Certification,1,Members who are certified to perform First Aid
AGGFS - First Aid Instructor,First Aid Instructor Certification,1,Certified instructor for First Aid/CPR/AED
AGGFS - Forklift (Sitdown),Forklift Certified (Sitdown),1,This Audience have Forklift Certified (Sitdown) Users only.
AGGFS - Forklift (Standup),Forklift Certified (Standup),1,This Audience have Forklift Certified (Standup) Users only.
AGGFS - Forklift (Tugger),Forklift Certified (Tugger),1,This Audience have Forklift Certified (Tugger) Users only.
AGGFS - Forklift Certification,Forklift Certification (AGGFS),1,This Audience have Forklift Certification (AGGFS) Users only.
AGGFS - Forklift Remediation,Forklift REMEDIATION (AGGFS),1,This Audience have Forklift REMEDIATION (AGGFS) Users only.
AGGFS - Hazcom,Hazard Communication,1,This Audience have Hazard Communication Users only.
AGGFS - Laser Safety,Laser Safety,1,This Audience have Laser Safety Users only.
AGGFS - Laser Safety Officer,Laser Safety Officer,1,This Audience have Laser Safety Officer Users only.
AGGFS - LMS Intro (Online),LMS Introduction (Online),1,all employees at AGGFS
AGGFS - Lockout Tagout,Lockout Tagout (Authorized),1,This Audience have Lockout Tagout (Authorized) Users only.
AGGFS - Overhead Crane,Overhead Crane Cert (AGGFS),1,Engineering Tech____ Tool Maker____ Machine Builder____ Process Engineering Mgr____ Sr Manufacturing Engineer
AGGFS - Phishing & Cybersecurity,Phishing and Cybersecurity Basics,1,All salaried employees & others who have company email addresses
AGGFS - RBT,RBT (Regional Basic Training) AGGFS,1,All Salary Job Titles
AGGFS - Regulated Medical Waste Packaging,Regulated Medical Waste Packaging,1,Select users
AGGFS - Scissor & Boom,Scissor & Boom Lift (AGGFS),1,scissor & boom operators
AGGFS - Scissor Liift,Scissor & Boom Certified (Scissor Lift),1,This Audience have Scissor & Boom Certified (Scissor Lift) Users only.
AGGFS - Statement of Confidentiality,Statement of Confidentiality,1,Employees exposed to employees' personal private information
AGGFS - Storm Water,Storm Water Management & Spill Prevention,1,This Audience have Storm Water Management & Spill Prevention Users only.
AGGFS - Storm Water Operator License,Storm Water Operator License,1,Individual users
AGGFS - Survey (EE Satisfaction / Culture),AGGFS Employee Satisfaction Survey,1,All AGGFS members
AGGFS - Welding Safety,Welding Safety,1,Employees who weld or oversee welding
AGGFS Location (Online),LMS Introduction for Managers (Online),1,Supervisors and above
AGGFS_BENEFITS_REHIRE,Intro to AGG Benefits Rehire (AGGFS),1,Intro to benefits rehire for AGGFS members.
AGGFS_REHIRES,Intro to AGG Orientation - Rehire Audience (AGGFS),1,Rehires that were inactive to equal to or greater to one year and require re-orientation.
AGGIMX - LMS Intro (ILT),LMS Introduction,1,All job titles except Assistant Managers and Managers
AGGIMX - LMS Intro (Online),LMS Introduction (Online),1,All IMX team members who have not completed LMS Introduction ILT.
AGGIMX Location,LMS Introduction for Managers,1,Assistant Managers____Managers____Vice President____President
AGGj_reporting_audience,AGGJ Reporting Audience,1,Reporting audience for AGGJ RBT tracking and custom reports.
AGGKY - 49 CFR DOT,49 CFR (DOT) Dangerous Goods,1,This Audience have 49 CFR (DOT) Dangerous Goods Users only.
AGGKY - Annual Safety Awareness Training,AGGKY Annual Safety Awareness Training,1,all AGGKY members
AGGKY - Antitrust Compliance Oath,Antitrust Compliance Oath,1,All salaried employees
AGGKY - Benefits Orientation,Intro to AGG - Benefits Orientation,1,New full-time direct hires
AGGKY - Benefits Orientation (REHIRE),Intro to AGG - Benefits Orientation (REHIRE),1,Rehires who were gone for 1 year or longer
AGGKY - Bribery Guidelines,Bribery Guidelines,1,AGM's____ GM's____ Sr GM's
AGGKY - Business Conduct Agreement,Business Conduct Agreement,1,All salaried employees
AGGKY - Electrical Safety,Electrical Safety,1,This Audience have Electrical Safety Users only.
AGGKY - Fire Extinguisher,Fire Extinguisher,1,This Audience have Fire Extinguisher Users only.
AGGKY - Intro to AGG,Intro to AGG - Orientation,1,All AGGKY new hires
AGGKY - Intro to AGG (REHIRE),Intro to AGG - Orientation (REHIRE),1,Rehires who were gone for 1 year or longer
AGGKY - Laser Safety,Laser Safety,1,This Audience have Laser Safety Users only.
AGGKY - Legal Compliance,AGG Legal Compliance Training,1,SPRVR's and above
AGGKY - LMS Intro for Managers,LMS Introduction for Managers (Online),1,Anyone who manages others
AGGKY - LMS Intro SPANISH,LMS Introduction - SPANISH,1,This Audience have LMS Introduction - SPANISH Users only.
AGGKY - LMS Introduction,LMS Introduction (Online),1,All AGGKY employees
AGGKY - Lockout Tagout,Lockout Tagout (Authorized),1,This Audience have Lockout Tagout (Authorized) Users only.
AGGKY - Phishing & Cybersecurity,Phishing & Cybersecurity Basics,1,All salaried employees
AGGKY - RBT,RBT (Regional Basic Training),1,All salaried employees
AGGKY - RCRA,RCRA Training,1,This Audience have RCRA Training Users only.
"AGGKY - Respirator Fit Test, PFT, Respiratory Protection","Respirator Fit Test, Pulmonary Function Test, Respiratory Protection e-Cour",1,EHS group and TM's who mix RFL (brake hose adhesive)
AGGKY - Safety Dojo,AGGKY Annual Safety Dojo,1,This Audience have AGGKY Annual Safety Dojo Users only.
AGGKY - Statement of Confidentiality,Statement of Confidentiality,1,Employees exposed to employees' personal private information
AGGKY - Static Grounding,Static Grounding,1,Paint engineers____ Paint team members____ Paint supervisors
AGGKY - Storm Water,Storm Water Management & Spill Prevention,1,EHS____ Facility Management____ All Kaizen____ Production Supervisors____ Maintenance Supervisors____ Engineering Supervisors____ Receiving
AGGKY - Supervisor Guidelines,SCP Guidelines (KY),1,Supervisor Certification Program Participants
AGGKinto - 11 Commitments Full Course,AGG Kinto 11 Commitments (Full Course),1,Full 11 Commitments Course for AGG Kinto. Specific user audience.
AGGKinto - 11 Commitments Quiz,AGG Kinto 11 Commitments (Quiz Only),1,Quiz over the 11 Commitments Activity from AGGNA.
AGGKinto Covid Vaccine Survey,AGGKinto Covid Vaccine Survey,1,Full facility audience for the AGG Kinto Covid Vaccine Survey
AGGMO,Storm Water Management & Spill Prevention (AGGMO),1,"Dept. 5023____Dept. 5021____Dept. 5083 Dept. 8032____Maintenance I, II, III, IV, Maintenance Team Member, Jr"
AGGMO - 49 CFR,49 CFR Dangerous Goods (Land),1,Employees who ship dangerous goods by land & sign shipping manifests
AGGMO - Antitrust Compliance Oath,Antitrust Compliance Oath,1,all salary Job titles
AGGMO - Benefits (REHIRE),Intro to AGG - Benefits Orientation (REHIRE),1,Rehire audience for benefits training at TMO facilities.
AGGMO - Benefits Orientation,Intro to AGG - Benefits Orientation,1,"All AGG full-time employees (does not include interns, part-time, and temp employees)"
AGGMO - Benefits Orientation (new),Intro to AGG - Benefits Orientation (new),1,All AGG direct hires and conversions (excluding interns)
AGGMO - Bribery Guidelines,Bribery Guidelines,1,Assistant General Managers____ General Managers____ Senior General Mangers
AGGMO - Business Conduct Agreement,Business Conduct Agreement,1,All salary employees
AGGMO - Filehold,Filehold Training,1,"IE division Leader Techs, Supervisors, Managers, GMs, Quality Engineers"
AGGMO - Fire Extinguisher,Fire Extinguisher,1,"Emergency Response Team (MO)____Dept. 5040____ Dept. 5040I____ Dept. 5040M____ Dept. 5041____ Dept. 4506____ Dept. 4506X____ Dept. 6115____ Maintenance I, II, III, IV,V,VI, Maintenance Team Member, Jr"
AGGMO - First Aid,First Aid Certification - AGGMO,1,"AGGMO Team Members that volunteer to be on First Aid Team and are First Aid Certified: Heartsaver First Aid CPR AED is a video-based, instructor-led course that teaches students critical skills needed to respond to and manage an emergency until emergency medical services arrives."
AGGMO - First Aid Instructor,First Aid Instructor Certification,1,Instructors for First Aid/CPR/AED training
AGGMO - Fluidized Bed Operator Training,Fluidized Bed Operator Training,1,Individuals at AGGMO who operate fluidized beds
AGGMO - Forklift,Forklift Certification (AGGMO),1,Individuals who require Forklift Certification
AGGMO - FORKLIFT_REHIRE_AUDIENCE,Forklift Rehire Audience (AGGMO),1,An audience to identify and reassign intro to AGG training to rehired team members after one year of absence.
AGGMO - Hazcom,Chemical Safety (Hazcom) - Hazard Communication,1,Dept. 6218
AGGMO - Hazmat Security Plan,AGGMO DOT Hazardous Materials Security Plan (E8.2.0.5),1,Dept. 8032____ Security Guards (pushed to them through the Guardhouse Requirements audience)
AGGMO - Intro to AGG Orientation - Online,Intro to AGG - Online,1,all employees at AGGMO and AGGNAI
AGGMO - Intro to AGG Orientation - Online Rehire,Intro to AGG - Online Rehire,1,Rehire audience for AGG Intro Online.
AGGMO - Kiken Yochi Instructor,Kiken Yochi Instructor,1,This Audience have Kiken Yochi Instructor Users only.
AGGMO - Laser Safety,Laser Safety,1,Dept. 4514____ Dept. 4514X
AGGMO - Laser Safety Officer,Laser Safety Officer,1,Student Group
AGGMO - LIVE Fire,LIVE Fire Extinguisher Training,1,This Audience have LIVE Fire Extinguisher Training Users only.
AGGMO - Material Marking,Mold Material Marking Standard,1,This Audience have Mold Material Marking Standard Users only.
AGGMO - New Hire Physical,New Hire Physical,1,all new hires (direct & conversion)
AGGMO - OHC,Overhead Crane Cert. (AGGMO),1,"Individuals who need to operate overhead cranes_____Mold Set Up Team Members____ Mold Engineer I, II, III"
AGGMO - Orientation (ILT),Intro to AGG - Instructor Led,1,"all employees at AGGMS and AGGBTX___all Temps at AGGMO, AGGNAI, AGGMS, AGGBTX"
AGGMO - Orientation REHIRE (ILT),Intro to AGG - Instructor Led Rehire,1,An audience to identify and reassign intro to AGG training to rehired team members after one year of absence.
AGGMO - Phishing & Cybersecurity,Phishing & Cybersecurity Basics,1,All salaried job titles
AGGMO - Poly Dojo,Poly Dojo,1,Audience for all Poly new hires
AGGMO - Ranken,Ranken Students,1,Ranken participants
AGGMO - RBT,RBT (Regional Basic Training),1,salaried employees
AGGMO - RCRA,RCRA Training,1,People who package and ship hazardous Waste
AGGMO - Scissor & Boom,Scissor & Boom Cert. (AGGMO),1,Individuals who require Scissor & Boom Certification.
AGGMO - Static Grounding 6 month recert,Static Grounding Standards (6 month recert),1,Maint. TM 1 & 2 in Dept. 6225
AGGMO - Static Grounding Standards,Static Grounding Standards,1,Paint departments____ Paint Engineers____ Manufacturing Engineering____ Specialized Maintenance____Injection Management____ Quality Control Department____ Maintenance Team Members
AGGMO Location,Lockout Tagout (Authorized),1,"Engineer (Electrical, Mechanical, Maintenance)____ Machine Engineer I, II, III____ Engineer Technician I, II, III____ Kaizen Shop Tech____ Maintenance Team Member I, II, III, IV, Maintenance Team Member, Jr"
AGGMO Location (ILT),LMS Introduction for Managers (ILT),1,Supervisors and managers
AGGMO Location (Online),LMS Introduction for Managers (Online),1,Supervisors and managers
"AGGMO, AGGMS, AGGNAI",Storm Water Management E-Course,1,"Dept. 5023____ Dept. 5021____ Dept. 5040I____ Dept. 5040M____ Dept. 5083____ Dept. 8032____ Maintenance Team Members I, II, III, IV, Maintenance Team Member, Jr"
AGGMO_Confined Space,Confined Space,1,"AGGMO [IE] Dept: 5040 (with job titles of Maintenance Team Members I,II,III,IV,V,VI; Supervisors, Managers)_____ AGGMO [SS] Dept: 6184, 6189, 6191, 6193, 6196, 6198 (with job titles of Maintenance Team Members I,II,III,IV,V,VI; Supervisors; Managers)_____ AGGNAI Dept: 5040I (with job titles of Maintenance Team Members I,II,III,IV; Supervisors; Managers)_____ AGGMS Dept: 5040M_____ (with job titles of Maintenance Team Members I,II,III,IV; Supervisors; Managers)"
AGGMO_Social Media Policy Training,Social Media Policy Training,1,Audience for AGGMO Social Media Policy Training. All Assistant Managers and above.
AGGMS,Storm Water Management & Spill Prevention (AGGMS),1,This Audience have Storm Water Management & Spill Prevention (AGGMS) Users only.
AGGMS - Intro to AGG Orientation Online,Intro to AGG - Online (MS),1,Individual users
AGGNA - Antitrust Compliance Oath,Antitrust Compliance Oath,1,All salaried employees
AGGNA - Benefits Orientation,Intro to AGG - Benefits Orientation,1,New employees
AGGNA - Benefits Orientation (REHIRE),Intro to AGG - Benefits Orientation (REHIRE),1,Rehires who were gone for 1 year or longer
AGGNA - Bribery Guidelines,Bribery Guidelines,1,"AGM's, GM's, Sr GM's"
AGGNA - Business Conduct Agreement,Business Conduct Agreement,1,All salaried employees
AGGNA - Engineer Training,AGGNA Engineer Training,1,Engineer I____ Engineer II____ Engineer III at AGGNA and RTC
AGGNA - First Aid,First Aid Certification,1,First Aid team members
AGGNA - Forklift Cert,Forklift Certification (AGGNA),1,Forklift operators at AGGNA and AGGRTC
AGGNA - Hazcom,Hazard Communication,1,Test Technician____ Sr. Test Technician____ Intern
AGGNA - Intro to AGG (REHIRE),Intro to AGG - Orientation (REHIRE),1,Rehires who were gone for 1 year or longer
AGGNA - Intro to AGG Orientation,Intro to AGG - Orientation,1,New employees
AGGNA - Legal Compliance,AGG Legal Compliance Training,1,SPVR's and above
AGGNA - LMS Introduction (Online),LMS Introduction (Online),1,"All employees at AGGNA, RTC, and PS Group"
AGGNA - LMS Introduction for Managers (Online),LMS Introduction for Managers (Online),1,"AGGNA, RTC, and PS Group employees who have 1 or more direct reports"
AGGNA - Net 6,Net 6 Training,1,This Audience have Net 6 Training Users only.
AGGNA - Phishing & Cybersecurity,Phishing and Cybersecurity Basics,1,All salaried employees & others who have company email addresses
AGGNA - RBT,RBT (Regional Basic Training,1,"Salaried employees at AGGNA, RTC, and PS Group"
AGGNA - Statement of Confidentiality,Statement of Confidentiality,1,Employees exposed to employees' personal private information
AGGNAI,Storm Water Management & Spill Prevention (AGGNAI),1,"Dept. 5040I____ Maintenance I, II, III, IV"
AGGNAI - Fluidized Bed Operator Training,Fluidized Bed Operator Training,1,Individuals at AGGNAI who operate fluidized beds
AGGTX,AGGTX non-salaried employees,1,non-salaried employees
AGGTX - Antitrust,Antitrust Compliance Oath,1,All Salaried at AGGTX
AGGTX - Benefits Orientation,Intro to AGG - Benefits Orientation,1,Direct hires at AGGTX who join on or after 6/20/22
AGGTX - Bribery Guidelines,Bribery Guidelines,1,"AGM, GM, SGM"
AGGTX - Business Conduct,Business Conduct Agreement,1,All Salaried at AGGTX
AGGTX - Confined Space,Confined Space,1,maintenance___ facility maintenance____ technical engineers
AGGTX - Culture Survey,AGGTX Culture Survey,1,This Audience have AGGTX Culture Survey Users only.
AGGTX - Diversity Equity Inclusion,"Workplace Diversity, Equity, and Inclusion in Action",1,Asst. Manager and above
AGGTX - Fire Extinguisher,Fire Extinguisher,1,This Audience have Fire Extinguisher Users only.
AGGTX - Harassment Prevention for Managers,Global Workplace Harassment Prevention for Managers,1,Anyone in a leadership role at AGGTX
AGGTX - Intro to AGG,Intro to AGG - Orientation,1,Directs and temps at AGGTX location who join on or after 6/20/22
AGGTX - Legal Compliance,AGG Legal Compliance,1,Supervisors and above
AGGTX - LMS Intro for Managers,LMS Introduction for Managers (Online),1,Anyone who manages others
AGGTX - LMS Introduction,LMS Introduction (Online),1,All AGGTX employees
AGGTX - LOTO,Lockout Tagout (Authorized),1,This Audience have Lockout Tagout (Authorized) Users only.
AGGTX - Phishing & Cybersecurity,Phishing & Cybersecurity Basics,1,Salaried____ maintenance____ team leads
AGGTX - RBT,RBT (Regional Basic Training),1,all Salaried employees
AGGTX - SCP Group 1,SCP Group 1 - AGGTX,1,TPS & Safety 10/3/22 - 10/7/22
AGGTX - Skillsoft Percipio Leadership,Percipio Leadership Access,1,This Audience have Percipio Leadership Access Users only.
AGGTX - Statement of Confidentiality,Statement of Confidentiality,1,Salaried users at AGGTX
AGGTX - Supervisor Guidelines,SCP Guidelines (TX),1,Participants of the Supervisor Certification Program
AGGU - L & D Training Plan,L & D Training Plan,1,Learning & Development Specialists new to AGG
TX - Intro online,Intro to AGG - Online,1,This Audience have Intro to AGG - Online Users only.
TX - OJT Members,OJT Members (TX),1,This Audience have OJT Members (TX) Users only.
tx_reporting_audience,TX Reporting Audience,1,Reporting audience for TX domain.
Waste_Water_Permit_Control_Plan_(EWI_4.6.43),Waste Water Permit Control Plan (EWI 4.6.43),1,Student Group
Waste_Water_Treatment_Systems_(WWTS),Waste Water Treatment Systems (WWTS),1,Plating (operators)
Waste_Water_Treatment_Systems_(WWTS)_Operator_Training,Waste Water Treatment Systems (WWTS) Operator Training,1,Employees who operate and maintain WWTS
Welding_Safety,Welding Safety,1,Fab shop____ TPS team members who weld
Welding_Safety,Welding Safety,1,Maintenance 3455____Maintenance 3355____Engineering 3450
Work_Instruction_Completion_Procedure,Work Instruction Completion Procedure,1,New Engineers
Workplace Diversity Equity Inclusion,Count for new job titles,1,This Audience have Count for new job titles Users only.
"Workplace_Diversity,_Equity_and_Inclusion_in_Action","Workplace Diversity, Equity and Inclusion in Action",1,"Audience for all Managers at AGG. Used to assign to all manager job titles at AGG companies. Workplace Diversity, Equity, and Inclusion in Action"
