Topic Code,Parent topic code,TopicName
(ISC)2,Certifications,(ISC)2
_First_Time_Manager_Career_Journey,Percipio,First Time Manager Career Journey
2020_Case_Studies,Perspectives,2020 Case Studies
2020_Mainstage_Keynotes,Perspectives,2020 Mainstage Keynotes
2020_Product_Sessions,Perspectives,2020 Product Sessions
5S,SCP_Resources,5S
5S,Topics,5S
Access,English,Access
Accounting,Topics,Accounting
acm_16,Commcatiotials,Communicating Tactfully and Diplomatically
AdaptingtoChange1,Profionaleness,Adapting to Change
Additional_Professional,CompTIA,Additional Professional
Administrator,Red_Hat,Administrator
ADP,English,ADP
Advancing_Women_in_the_Workplace,Skillsoft_Leadercamps,Advancing Women in the Workplace
Aerospace_&_Mechanical,Engineering,Aerospace & Mechanical
AGG_Leadership,Topics,AGG Leadership
Agile_Career_Journey,Percipio,Agile Career Journey
Agile_Career_Journey,Topics,Agile Career Journey
Agility_for_Digital_Transformation,Digital_Transformation,Agility for Digital Transformation
ald_06,LeadingTeams,Leading Virtual Teams
American_Society_for_Quality_(ASQ),Certifications,American Society for Quality (ASQ)
apd_01,Profionaltials1,Diversity on the Job
apd_08,Timeagemeivity1,Time Management
apd_14,Profionaltials1,Unconscious Bias
apd39,Profionaltials1,"Diversity, Equity, and Inclusion"
apd43,Profionaltials1,Building DEI Leadership Skills
apd44,Profionaltials1,Psychological Safety
Apply_Agile_in_a_Specific_Industry,Agile_Career_Journey,Apply Agile in a Specific Industry
Apprentice_Programmer_to_Journeyman_Programmer,Aspire_Journeys,Apprentice Programmer to Journeyman Programmer
Architecting,AWS,Architecting
Art_of_Great_Consulting,Skillsoft_Leadercamps,Art of Great Consulting
Artificial_Intelligence,Technology,Artificial Intelligence
Aspire_Journeys,Percipio,Aspire Journeys
Aspire_Journeys,Topics,Aspire Journeys
Aspire_Journeys_for_Business_Skills,Percipio,Aspire Journeys for Business Skills
Aspire_Journeys_for_Business_Skills,Topics,Aspire Journeys for Business Skills
Aspire_Journeys_for_Leadership,Percipio,Aspire Journeys for Leadership
Aspire_Journeys_for_Leadership,Topics,Aspire Journeys for Leadership
Aspire_Journeys_for_Technology_&_Developer,Percipio,Aspire Journeys for Technology & Developer
Aspire_Journeys_for_Technology_&_Developer,Topics,Aspire Journeys for Technology & Developer
Associate,Cisco,Associate
Associate,Google,Associate
Associate,Oracle,Associate
Associate_(MTA),Microsoft,Associate (MTA)
ast_01,StrategicThinking,Thinking Strategically and Managing Risk
Auditor,Information_Systems_Audit_and_Control_Association,Auditor
AWS,Certifications,AWS
Banking,Industry_Specific,Banking
Base_Programmer,SAS,Base Programmer
Become_Proficient_in_an_Agile_Power_Skill,Agile_Career_Journey,Become Proficient in an Agile Power Skill
Become_Proficient_in_an_Agile_Tool_or_Technique,Agile_Career_Journey,Become Proficient in an Agile Tool or Technique
Big_Data,Data,Big Data
Big_Data,Data_Management,Big Data
Bloodborne_Pathogens,English,Bloodborne Pathogens
Browse_Partner_Content,Percipio,Browse Partner Content
Browsers_&_Operating_Systems,Productivity_&_Collaboration_Tools,Browsers & Operating Systems
bs_apd31,Profionaltials1,Skills for Effective Collaboration
bs_atm04,WorkingonaTeam1,Virtual Teams
bsald09,CrisisManagement,Managing a Crisis
Business,Topics,Business
Business_Communication,Professional_Improvement,Business Communication
Business_Continuity_Planning_Bootcamps,Skillsoft_Bootcamps,Business Continuity Planning Bootcamps
Business_Execution,Management,Business Execution
Business_Intelligence,Data,Business Intelligence
Business_Operations,Percipio,Business Operations
Business_Operations,Topics,Business Operations
Business_Planning_&_Analysis,Business_Operations,Business Planning & Analysis
Business_Skills,Aspire_Journeys_for_Business_Skills,Business Skills
Business_Skills,Open Sesame,Business Skills
Business_Strategy,Management,Business Strategy
BusinessContinuity,Skillsoft,Business Continuity
BusinessContinuityPlanning_a,BusinessContinuity,Business Continuity Planning
BusinessSkills1,Skillsoft,Business Skills
C#,Programming,C#
CalOsha,Healafetyition5,Cal/OSHA
CalOSHALASp,Healafetyition4,Cal/OSHA Latin American Spanish
Certifications,Percipio,Certifications
Certifications,Topics,Certifications
Chemical,Engineering,Chemical
Choose_a_Learning_Journey_that_Fits_my_Goal,Agile_Career_Journey,Choose a Learning Journey that Fits my Goal
Cisco,Certifications,Cisco
CiscoTeams,CollabTools,Cisco Teams
CiscoWebEx,CollabTools,Cisco WebEx
Civil,Engineering,Civil
Client_&_Server_Administration,Infrastructure_&_Operations,Client & Server Administration
Cloud,Aspire_Journeys_for_Technology_&_Developer,Cloud
Cloud,Percipio,Cloud
Cloud,Topics,Cloud
Cloud_Basics,Cloud_Services,Cloud Basics
Cloud_Career_Journey,Percipio,Cloud Career Journey
Cloud_Career_Journey,Topics,Cloud Career Journey
Cloud_Computing,Cloud_Computing_&_Server_Technology,Cloud Computing
Cloud_Computing_&_Server_Technology,Technology,Cloud Computing & Server Technology
Cloud_Development,Cloud_Services,Cloud Development
Cloud_Platforms,Cloud_Services,Cloud Platforms
Cloud_Practitioner,AWS,Cloud Practitioner
Cloud_Security,(ISC)2,Cloud Security
Cloud_Security,Cloud_Services,Cloud Security
Cloud_Services,Percipio,Cloud Services
Cloud_Services,Topics,Cloud Services
Cloud_Services_Bootcamps,Skillsoft_Bootcamps,Cloud Services Bootcamps
Codecademy,Percipio,Codecademy
Codecademy,Topics,Codecademy
Codecademy_Languages,Codecademy,Codecademy Languages
Codecademy_Subjects,Codecademy,Codecademy Subjects
Collaboration,Productivity_&_Collaboration_Tools,Collaboration
CollabTools,DesktopSkills,Collaboration Tools
Collections,Skillsoft,Collections
Commcatiotials,CommunicationsSkill,Communication Essentials
Communication,Business_Skills,Communication
CommunicationsSkill,BusinessSkills1,Communications Skills
Compliance,Skillsoft,Compliance
CompTIA,Certifications,CompTIA
Computer_Skills,Topics,Computer Skills
Concur,English,Concur
Coordinators,LMS_Instructions,Coordinators
Core,CompTIA,Core
Core,EC-Council,Core
Core_Knowledge,Topics,Core Knowledge
Corporate_Communications,Sales_&_Marketing,Corporate Communications
Corporate_Marketing,Sales_&_Marketing,Corporate Marketing
CrisisManagement,HumanResources,Crisis Management
Customer_Service,Percipio,Customer Service
Customer_Service,Topics,Customer Service
Customer_Service:_Core_Concepts_&_Methods,Customer_Service,Customer Service: Core Concepts & Methods
Customer_Success,Sales_&_Marketing,Customer Success
Cybersecurity,(ISC)2,Cybersecurity
Cybersecurity,CompTIA,Cybersecurity
Cybersecurity_Career_Journey,Percipio,Cybersecurity Career Journey
Cybersecurity_Career_Journey,Topics,Cybersecurity Career Journey
Data,Percipio,Data
Data,Topics,Data
Data/ML_Developer_to_AI_Developer,Aspire_Journeys,Data/ML Developer to AI Developer
Data_/_ML_/_AI,Aspire_Journeys_for_Technology_&_Developer,Data / ML / AI
Data_Analysis,Data_Management,Data Analysis
Data_Analytics,Data,Data Analytics
Data_and_Analytics,CompTIA,Data and Analytics
Data_Architectures,Data,Data Architectures
Data_Bootcamps,Skillsoft_Bootcamps,Data Bootcamps
Data_Core_Concepts,Data,Data Core Concepts
Data_Management,Technology,Data Management
Data_Platforms,Data,Data Platforms
Data_Science,Data,Data Science
Data_Science,Digital_Transformation,Data Science
Data_Security,Data,Data Security
Data_Visualization_&_Reporting,Data,Data Visualization & Reporting
Database_Development,Data,Database Development
Decision-makers_and_Leaders,Aspire_Journeys_for_Technology_&_Developer,Decision-makers and Leaders
Design,Productivity_&_Collaboration_Tools,Design
DesktopSkills,Skillsoft,Productivity & Collaboration Tools
Developer_Tools,Programming,Developer Tools
Developing,AWS,Developing
DevOps,Aspire_Journeys_for_Technology_&_Developer,DevOps
DevOps,Software_Craft,DevOps
DevOps_IT,Infrastructure_&_Operations,DevOps IT
dgtvc,DigitalTransformation,Virtual Collaboration
Digital_Experiences,Digital_Transformation,Digital Experiences
Digital_Marketing_&_Communications,Digital_Transformation,Digital Marketing & Communications
Digital_Marketing_Associate,Digital_Marketing_Institute,Digital Marketing Associate
Digital_Marketing_Institute,Certifications,Digital Marketing Institute
Digital_Soft_Skills_Competencies,Digital_Transformation,Digital Soft Skills Competencies
Digital_Transformation,Percipio,Digital Transformation
Digital_Transformation,Topics,Digital Transformation
DigitalTransformation,Collections,Digital Transformation
"Diversity,_Equity,_&_Inclusion",Percipio,"Diversity, Equity, & Inclusion"
"Diversity,_Equity,_&_Inclusion",Topics,"Diversity, Equity, & Inclusion"
"Diversity,_Equity,_and_Inclusion",Skillsoft_Leadercamps,"Diversity, Equity, and Inclusion"
"Diversity,_Equity_&_Inclusion","Diversity,_Equity,_&_Inclusion","Diversity, Equity & Inclusion"
Docusign,English,Docusign
dot_NET,Programming,dot NET
ds_ciwbmg18_1,CiscoWebEx,Cisco WebEx for Web
ds_ciwbtm18_1,CiscoTeams,Cisco WebEx Teams
ds_goohamt_1,googlehangoutsmeet,Google Hangouts Meet (No Assessments)
ds_gotome16_1,LogMeIn,LogMeIn GoToMeeting (No Assessments)
ds_joinme17_1,joinme_01,Join.me for Windows (No Assessments)
ds_msskb16,Skype2016,Skype for Business 2016 (No Assessments)
ds_msteam20,MicrosoftOffice365,Microsoft 365: Teams
EC-Council,Certifications,EC-Council
EHSImpacts,Envimentaiance,EHS Impacts (US Edition)
Electrical,Engineering,Electrical
Email,Software,Email
Emerging_Tech,Software_Craft,Emerging Tech
Energy,Engineering,Energy
Engineer_Resources,English,Engineer Resources
Engineering,Percipio,Engineering
Engineering,Topics,Engineering
Engineering_Resources,Engineering,Engineering Resources
English,5S,English
English,Accounting,English
English,Business,English
English,Computer_Skills,English
English,Core_Knowledge,English
English,Forms_&_Lists,English
English,Gemba,English
English,Hansei,English
English,Health_and_Wellness,English
English,Hoshin,English
English,Introductory_Topics,English
English,JDE,English
English,Just_In_Time,English
English,Kaizen,English
English,Kaizen_Leadership,English
English,Kanban,English
English,Leadership_&_Teamwork,English
English,Muda,English
English,Problem_Solving,English
English,Production_Preparation_Process,English
English,Quality,English
English,Quick_Changeover,English
English,Reference,English
English,Safety,English
English,Six_Sigma,English
English,Standard_Work,English
English,Standard_Work_-_Leader,English
English,Total_Productive_Maintenance,English
English,TWI_for_Facilitators,English
English,TWI_for_Learners,English
English,Value_Stream,English
English,Visual_Management,English
Entry,Cisco,Entry
Envimentaiance,Compliance,"Environmental, Health and Safety (EHS) Compliance"
Envimentaition1,Envimentaiance,Environmental (Latin American Spanish Edition)
Envimentaition3,Envimentaiance,Environmental (US Edition)
Envimentaition4,Envimentaiance,Environmental (Canadian Edition)
Envimentaition5,Envimentaiance,Environmental (Canadian French Edition)
Espanol,5S,Espanol
Espanol,Accounting,Espanol
Espanol,Business,Espanol
Espanol,Computer_Skills,Espanol
Espanol,Core_Knowledge,Espanol
Espanol,Forms_&_Lists,Espanol
Espanol,Gemba,Espanol
Espanol,Hansei,Espanol
Espanol,Health_and_Wellness,Espanol
Espanol,Hoshin,Espanol
Espanol,Introductory_Topics,Espanol
Espanol,Just_In_Time,Espanol
Espanol,Kaizen,Espanol
Espanol,Kaizen_Leadership,Espanol
Espanol,Kanban,Espanol
Espanol,Leadership_&_Teamwork,Espanol
Espanol,Muda,Espanol
Espanol,Problem_Solving,Espanol
Espanol,Production_Preparation_Process,Espanol
Espanol,Quality,Espanol
Espanol,Quick_Changeover,Espanol
Espanol,Reference,Espanol
Espanol,Safety,Espanol
Espanol,Six_Sigma,Espanol
Espanol,Standard_Work,Espanol
Espanol,Standard_Work_-_Leader,Espanol
Espanol,Total_Productive_Maintenance,Espanol
Espanol,TWI_for_Facilitators,Espanol
Espanol,TWI_for_Learners,Espanol
Espanol,Value_Stream,Espanol
Espanol,Visual_Management,Espanol
Essentials_of_Digital_Transformation,Digital_Transformation,Essentials of Digital Transformation
Excel,English,Excel
Expert,Oracle,Expert
Facilitator Reference Materials,Topics,Facilitator Reference Materials
Filehold,English,Filehold
Final_Presentation,SCP_Resources,Final Presentation
Finance,Business_Operations,Finance
Finance,Business_Skills,Finance
First_Time_Manager_Career_Journey,Topics,First Time Manager Career Journey
FoodAlcoholSafety,Compliance,Food and Alcohol Safety
FoodAlcoholSafetyES,FoodAlcoholSafety,Food and Alcohol Safety (Latin American Spanish Edition)
FoodAlcoholSafetyUK,FoodAlcoholSafety,Food and Alcohol Safety (UK Edition)
FoodAlcoholSafetyUS,FoodAlcoholSafety,Food and Alcohol Safety (US Edition)
Forms_&_Lists,Topics,Forms & Lists
Foundation,International_Software_Testing_Qualification_Board,Foundation
Foundation,ITIL®,Foundation
Foundation,PRINCE2®,Foundation
French_Canadian,Safety,French Canadian
Gemba,Topics,Gemba
Get_Started,_First_Time_Manager_Career_Journey,Get Started
Get_Started,First_Time_Manager_Career_Journey,Get Started
Getting_Started_with_Percipio,Welcome_to_Percipio_,Getting Started with Percipio
Google,Certifications,Google
Google,DesktopSkills,Google
googlehangoutsmeet,gsuite,Google Hangouts Meet
gsuite,Google,Google Workspace
Hansei,Topics,Hansei
HaraentAuition,LegalCompliance1,Harassment (Australian Edition)
HaraentBAIition,LegalCompliance1,Harassment (Bahasa Indonesian Edition)
HaraentBaition,LegalCompliance1,Harassment (Bahasa Malay Edition)
HaraentBrition,LegalCompliance1,Harassment (Brazilian Portuguese Edition)
HaraentCaition,LegalCompliance1,Harassment (Canadian Edition)
HaraentCaition1,LegalCompliance1,Harassment (Canadian French Edition)
HaraentChition,LegalCompliance1,Harassment (Chinese Edition)
HaraentCzition,LegalCompliance1,Harassment (Czech Edition)
HaraentDaition,LegalCompliance1,Harassment (Danish Edition)
HaraentDution,LegalCompliance1,Harassment (Dutch Edition)
HaraentFiition,LegalCompliance1,Harassment (Finnish Edition)
HaraentFrition,LegalCompliance1,Harassment (French Edition)
HaraentGeition,LegalCompliance1,Harassment (German Edition)
HaraentHiition,LegalCompliance1,Harassment (Hindi Edition)
HaraentHunition,LegalCompliance1,Harassment (Hungarian Edition)
HaraentIntion,LegalCompliance1,Harassment (Indian Edition)
HaraentItion,LegalCompliance1,Harassment (Italian Edition)
HaraentJaiition,LegalCompliance1,Harassment (Japanese Edition)
HaraentKoition,LegalCompliance1,Harassment (Korean Edition)
HaraentLaition,LegalCompliance1,Harassment (Latin American Spanish Edition)
HaraentNorition,LegalCompliance1,Harassment (Norwegian Edition)
HaraentNZition,LegalCompliance1,Harassment (New Zealand Edition)
HaraentPoition,LegalCompliance1,Harassment (Polish Edition)
HaraentRoition,LegalCompliance1,Harassment (Romanian Edition)
HaraentRuition,LegalCompliance1,Harassment (Russian Edition)
HaraentSpCaition,LegalCompliance1,Harassment (Castilian Spanish Edition)
HaraentSweition,LegalCompliance1,Harassment (Swedish Edition)
HaraentThaition,LegalCompliance1,Harassment (Thai Edition)
HaraentTuition,LegalCompliance1,Harassment (Turkish Edition)
HaraentUKition,LegalCompliance1,Harassment (UK English Edition)
HaraentViition,LegalCompliance1,Harassment (Vietnamese Edition)
HarassmentUSEdition,LegalCompliance1,Harassment (US Edition)
HeaInsurLaition,LegalCompliance1,Health Insurance Portability and Accountability Act (HIPAA) (Latin American Spanish Edition)
Healafetyition,Envimentaiance,"Health, Safety and Security (Canadian Edition)"
Healafetyition1,Envimentaiance,"Health, Safety and Security (Canadian French Edition)"
Healafetyition11,Envimentaiance,"Health, Safety and Security (Castilian Spanish Edition)"
Healafetyition12,Envimentaiance,"Health, Safety and Security (Dutch Edition)"
Healafetyition13,Envimentaiance,"Health, Safety and Security (Korean Edition)"
Healafetyition14,Envimentaiance,"Health, Safety and Security (Australian Edition)"
Healafetyition15,Envimentaiance,"Health, Safety and Security (New Zealand Edition)"
Healafetyition2,Envimentaiance,"Health, Safety and Security (Chinese Edition)"
Healafetyition3,Envimentaiance,"Health, Safety and Security (German Edition)"
Healafetyition4,Envimentaiance,"Health, Safety and Security (Latin American Spanish Edition)"
Healafetyition5,Envimentaiance,"Health, Safety and Security (US Edition)"
Healafetyition6,Envimentaiance,"Health, Safety and Security (UK Edition)"
Healafetyition7,Envimentaiance,"Health, Safety and Security (Portuguese Brazilian Edition)"
Healafetyition8,Envimentaiance,"Health, Safety and Security (French Edition)"
Healafetyition9,Envimentaiance,"Health, Safety and Security (ltalian Edition)"
Healnsuraition,LegalCompliance1,Health Insurance Portability and Accountability Act (HIPAA) (US Edition)
Health_and_Wellness,Topics,Health and Wellness
Hoshin,Topics,Hoshin
HR_Certification_Institute®_(HRCI®),Certifications,HR Certification Institute® (HRCI®)
Human_Resources,Business_Operations,Human Resources
Human_Resources,HR_Certification_Institute®_(HRCI®),Human Resources
HumanResources,BusinessSkills1,Human Resources
In_Pursuit_of_Re-engagement,Skillsoft_Leadercamps,In Pursuit of Re-engagement
Individual_Professional_Performance,Professional_Improvement,Individual Professional Performance
Industrial,Engineering,Industrial
Industry_Specific,Open Sesame,Industry Specific
Information_Security,(ISC)2,Information Security
Information_Security,Security,Information Security
Information_Systems_Audit_and_Control_Association,Certifications,Information Systems Audit and Control Association
Infrastructure,CompTIA,Infrastructure
Infrastructure_&_Operations,Percipio,Infrastructure & Operations
Infrastructure_&_Operations,Topics,Infrastructure & Operations
International_Institute_of_Business_Analysis_(IIBA),Certifications,International Institute of Business Analysis (IIBA)
International_Software_Testing_Qualification_Board,Certifications,International Software Testing Qualification Board
Internet_of_Things,Cloud_Services,Internet of Things
Introductory_Topics,Topics,Introductory Topics
Isograd,Certifications,Isograd
IT_Ops,Aspire_Journeys_for_Technology_&_Developer,IT Ops
IT_Ops,Skillsoft_Bootcamps,IT Ops
IT_Security_Specialist_to_SecOps_Engineer,Aspire_Journeys,IT Security Specialist to SecOps Engineer
IT_Services,Infrastructure_&_Operations,IT Services
IT_Trends,Infrastructure_&_Operations,IT Trends
ITIL®,Certifications,ITIL®
Japanese,Safety,Japanese
JDE,Topics,JDE
joinme_01,CollabTools,Joinme
Just_In_Time,Topics,Just In Time
Kaizen,SCP_Resources,Kaizen
Kaizen,Topics,Kaizen
Kaizen_Leadership,Topics,Kaizen Leadership
Kanban,Topics,Kanban
Kubernetes,Certifications,Kubernetes
Kubernetes_Administrator,Kubernetes,Kubernetes Administrator
Label_Templates,SCP_Resources,Label Templates
Leadership,BusinessSkills1,Leadership
Leadership_&_Business,Lifelong_Learn,Leadership & Business
Leadership_&_Teamwork,Topics,Leadership & Teamwork
Leadership_Development_Program_powered_by_MIT_SMR,Percipio,Leadership Development Program powered by MIT SMR
Leadership_Development_Program_powered_by_MIT_SMR,Topics,Leadership Development Program powered by MIT SMR
Leadership_Essentials,Management,Leadership Essentials
Leadership_Essentials_,Aspire_Journeys_for_Leadership,Leadership Essentials
Leadership_Mindsets,Aspire_Journeys_for_Leadership,Leadership Mindsets
Leadership_Transitions,Aspire_Journeys_for_Leadership,Leadership Transitions
"Leading_Diversity,_Equity_&_Inclusion","Diversity,_Equity,_&_Inclusion","Leading Diversity, Equity & Inclusion"
Leading_HR,Skillsoft_Leadercamps,Leading HR
Leading_in_the_New_Normal,Skillsoft_Leadercamps,Leading in the New Normal
Leading_the_Business,Leadership_Development_Program_powered_by_MIT_SMR,Leading the Business
Leading_Your_Team,Leadership_Development_Program_powered_by_MIT_SMR,Leading Your Team
Leading_Yourself,Leadership_Development_Program_powered_by_MIT_SMR,Leading Yourself
LeadingTeams,Leadership,Leading Teams
LegalCompliance1,Compliance,Legal Compliance
legalcomplianceadd,LegalCompliance1,Additional Content
legalcomplianceadddj,legalcomplianceadd,Diversity on the Job
legalcomplianceaddub,legalcomplianceadd,Unconscious Bias
legalcompliancedei,legalcomplianceadd,"Diversity, Equity, and Inclusion"
LegalImpacts,LegalCompliance1,Legal Impacts (US Edition)
LegalImpactsBraPor,LegalCompliance1,Legal Impacts (Brazilian Portuguese Edition)
LegalImpactsChin,LegalCompliance1,Legal Impacts (Chinese Edition)
LegalImpactsFren,LegalCompliance1,Legal Impacts (French Edition)
LegalImpactsGer,LegalCompliance1,Legal Impacts (German Edition)
LegalImpactsLAS,LegalCompliance1,Legal Impacts (Latin American Spanish Edition)
LegalImpactsUK,LegalCompliance1,Legal Impacts (UK English Edition)
Level_3_-_CBAP,International_Institute_of_Business_Analysis_(IIBA),Level 3 - CBAP
Lifelong_Learn,Percipio,Lifelong Learn
Lifelong_Learn,Topics,Lifelong Learn
Live_Events,Skillsoft_Live_Events,Live Events
LMS_Instructions,Topics,LMS Instructions
LogMeIn,CollabTools,LogMeIn
Machine_Learning,Technology,Machine Learning
Mainframe,Percipio,Mainframe
Mainframe,Topics,Mainframe
Mainframe_Security,Mainframe,Mainframe Security
Mainframe_Services,Mainframe,Mainframe Services
Manage_Myself,_First_Time_Manager_Career_Journey,Manage Myself
Manage_Myself,First_Time_Manager_Career_Journey,Manage Myself
Manage_Others,_First_Time_Manager_Career_Journey,Manage Others
Manage_Others,First_Time_Manager_Career_Journey,Manage Others
Management,Percipio,Management
Management,Topics,Management
Management_Essentials,Management,Management Essentials
Managers,LMS_Instructions,Managers
Materials,Engineering,Materials
Mayo_Clinic_on_Covid_Management,Management,Mayo Clinic on Covid Management
Meetings,Business_Skills,Meetings
Microservices,Programming,Microservices
Microsoft,Certifications,Microsoft
Microsoft_365_Certified_Associate,Microsoft,Microsoft 365 Certified Associate
Microsoft_365_Certified_Expert,Microsoft,Microsoft 365 Certified Expert
Microsoft_365_Certified_Fundamentals,Microsoft,Microsoft 365 Certified Fundamentals
Microsoft_Azure_Certified_Associate,Microsoft,Microsoft Azure Certified Associate
Microsoft_Azure_Certified_Expert,Microsoft,Microsoft Azure Certified Expert
Microsoft_Azure_Certified_Fundamentals,Microsoft,Microsoft Azure Certified Fundamentals
Microsoft_Certified_Associate,Microsoft,Microsoft Certified Associate
Microsoft_Certified_Fundamentals,Microsoft,Microsoft Certified Fundamentals
Microsoft_Certified_Solutions_Associate_(MCSA),Microsoft,Microsoft Certified Solutions Associate (MCSA)
Microsoft_Excel,Microsoft_Office/Office_365,Microsoft Excel
Microsoft_Office,Certifications,Microsoft Office
Microsoft_Office,Productivity_&_Collaboration_Tools,Microsoft Office
Microsoft_Office/Office_365,Software,Microsoft Office/Office 365
Microsoft_Office_Specialist_(MOS),Microsoft_Office,Microsoft Office Specialist (MOS)
Microsoft_Outlook,Microsoft_Office/Office_365,Microsoft Outlook
Microsoft_Powerpoint,Microsoft_Office/Office_365,Microsoft Powerpoint
MicrosoftOffice2016,DesktopSkills,Microsoft Office 2016
MicrosoftOffice365,DesktopSkills,Microsoft Office 365
mind_02,FoodAlcoholSafetyUK,Food Allergies And Intolerance
mind_08,Healafetyition6,First Aid Awareness
mind_16,Healafetyition6,Fire Safety Awareness
mind_17,WorkceComition12,Equality and Diversity Awareness
mind_26,WorkceComition12,Disability Discrimination Awareness
Mobile_Development,Programming,Mobile Development
Muda,Topics,Muda
Network_Operations,Infrastructure_&_Operations,Network Operations
NEW_-_Azure,Cloud_Services,NEW - Azure
NEW_-_Office_365_Administration,Cloud_Services,NEW - Office 365 Administration
NICE_Framework,Percipio,NICE Framework
NICE_Framework,Topics,NICE Framework
NICE_Work_Roles,NICE_Framework,NICE Work Roles
Open Sesame,Topics,Open Sesame
Operations,AWS,Operations
Oracle,Certifications,Oracle
Outlook,English,Outlook
pd_30,WorkLifeBalance2,Improving Your Work/Life Balance
pd_31,AdaptingtoChange1,Navigating through Organizational Change
pd_32,Timeagemeivity1,Improving Your Personal Productivity
pe_03,Profionaltials1,Perseverance at Work
Percipio,Topics,Percipio
Personal_Accountability,Professional_Improvement,Personal Accountability
Personal_Productivity,Professional_Improvement,Personal Productivity
Perspectives,Percipio,Perspectives
Perspectives,Topics,Perspectives
PM,Aspire_Journeys_for_Technology_&_Developer,PM
Podcast_Episode_Menu,Skillsoft’s_The_Edge_Podcast,Podcast Episode Menu
Policies_&_Procedures,Topics,Policies & Procedures
Portuguese,Safety,Portuguese
PowerPoint,English,PowerPoint
Presentation_Skills,Communication,Presentation Skills
Presentation_Software,Software,Presentation Software
PRINCE2®,Certifications,PRINCE2®
Problem_Solving,Topics,Problem Solving
Process_Improvement,Business_Operations,Process Improvement
Product_Management,Percipio,Product Management
Product_Management,Topics,Product Management
Product_Management_Skills,Product_Management,Product Management Skills
Product_Marketing,Sales_&_Marketing,Product Marketing
Production_Preparation_Process,Topics,Production Preparation Process
Productivity_&_Collaboration_Tools,Percipio,Productivity & Collaboration Tools
Productivity_&_Collaboration_Tools,Topics,Productivity & Collaboration Tools
Productivity_&_Wellness,Skillsoft_Leadercamps,Productivity & Wellness
Productivity_Tools,Productivity_&_Collaboration_Tools,Productivity Tools
Professional,Cisco,Professional
Professional,Google,Professional
Professional,Oracle,Professional
Professional_Improvement,Percipio,Professional Improvement
Professional_Improvement,Topics,Professional Improvement
Profionaleness,BusinessSkills1,Professional Effectiveness
Profionaltials1,Profionaleness,Professional Essentials
Programming,Aspire_Journeys_for_Technology_&_Developer,Programming
Programming,Percipio,Programming
Programming,Technology,Programming
Programming,Topics,Programming
Programming_Languages,Programming,Programming Languages
Project_Management,Percipio,Project Management
Project_Management,Project_Management_Institute_(PMI)®,Project Management
Project_Management,Topics,Project Management
Project_Management_Bootcamps,Skillsoft_Bootcamps,Project Management Bootcamps
Project_Management_Core_Concepts,Project_Management,Project Management Core Concepts
Project_Management_Institute_(PMI)®,Certifications,Project Management Institute (PMI)®
Project_Management_Methods,Project_Management,Project Management Methods
Project_Sheets,SCP_Resources,Project Sheets
Pursue_a_Cloud_Skill,Cloud_Career_Journey,Pursue a Cloud Skill
Pursue_a_Cybersecurity_Job_Role,Cybersecurity_Career_Journey,Pursue a Cybersecurity Job Role
Pursue_a_Cybersecurity_Skill,Cybersecurity_Career_Journey,Pursue a Cybersecurity Skill
Pursue_a_Foundation_in_Cloud,Cloud_Career_Journey,Pursue a Foundation in Cloud
Pursue_a_GCP_Cloud_Job_Role,Cloud_Career_Journey,Pursue a GCP Cloud Job Role
Pursue_a_GCP_Senior-_Level_Certification,Cloud_Career_Journey,Pursue a GCP Senior- Level Certification
Pursue_a_Senior_Level_Certification,Cybersecurity_Career_Journey,Pursue a Senior Level Certification
Pursue_an_Agile_Certification,Agile_Career_Journey,Pursue an Agile Certification
Pursue_an_Agile_Job_Role,Agile_Career_Journey,Pursue an Agile Job Role
Pursue_an_AWS_Cloud_Job_Role,Cloud_Career_Journey,Pursue an AWS Cloud Job Role
Pursue_an_AWS_Senior-Level_Certification,Cloud_Career_Journey,Pursue an AWS Senior-Level Certification
Pursue_an_Azure_Cloud_Job_Role,Cloud_Career_Journey,Pursue an Azure Cloud Job Role
Pursue_an_Azure_Senior-Level_Certification,Cloud_Career_Journey,Pursue an Azure Senior-Level Certification
Put_it_Together:_First_Time_Manager_Capstone,_First_Time_Manager_Career_Journey,Put it Together: First Time Manager Capstone
Put_it_Together:_First_Time_Manager_Capstone,First_Time_Manager_Career_Journey,Put it Together: First Time Manager Capstone
QC_Circle,Topics,QC Circle
Quality,Topics,Quality
Quick_Changeover,Topics,Quick Changeover
Red_Hat,Certifications,Red Hat
Reference,Topics,Reference
Safety,Topics,Safety
Sales_&_Marketing,Percipio,Sales & Marketing
Sales_&_Marketing,Topics,Sales & Marketing
Salesforce_&_Channel_Management,Sales_&_Marketing,Salesforce & Channel Management
Sample_Content,Percipio,Sample Content
Sample_Content,Sample_Content,Sample Content
Sample_Content,Topics,Sample Content
SAS,Certifications,SAS
Scale_Agile_for_Large_or_Multiple_Teams,Agile_Career_Journey,Scale Agile for Large or Multiple Teams
SCP_Resources,Topics,SCP Resources
Secure_Programming,Programming,Secure Programming
Security,Aspire_Journeys_for_Technology_&_Developer,Security
Security,Cloud,Security
Security,Percipio,Security
Security,Topics,Security
Security_Bootcamps,Skillsoft_Bootcamps,Security Bootcamps
Security_Manager,Information_Systems_Audit_and_Control_Association,Security Manager
Security_Skills,English,Security Skills
Self-Discovery,Professional_Improvement,Self-Discovery
Selling_Skills,Sales_&_Marketing,Selling Skills
Server_Technology,Cloud_Computing_&_Server_Technology,Server Technology
Six_Sigma,Topics,Six Sigma
Six_Sigma_Certification,American_Society_for_Quality_(ASQ),Six Sigma Certification
Skillsoft,Topics,Skillsoft
Skillsoft_Bootcamps,Percipio,Skillsoft Bootcamps
Skillsoft_Bootcamps,Topics,Skillsoft Bootcamps
Skillsoft_Compliance,Topics,Compliance
Skillsoft_Leadercamps,Percipio,Skillsoft Leadercamps
Skillsoft_Leadercamps,Topics,Skillsoft Leadercamps
Skillsoft_Leadercamps:_Live_and_Replays,Skillsoft_Leadercamps,Skillsoft Leadercamps: Live and Replays
Skillsoft_Live_Events,Percipio,Skillsoft Live Events
Skillsoft_Live_Events,Topics,Skillsoft Live Events
Skillsoft’s_The_Edge_Podcast,Percipio,Skillsoft’s The Edge Podcast
Skillsoft’s_The_Edge_Podcast,Topics,Skillsoft’s The Edge Podcast
SkillsoftAspire,Skillsoft,Skillsoft Aspire
skillsoftaspire_10,SkillsoftAspire,Software Tester to DevOps Automated Tester
skillsoftaspire_10_F,skillsoftaspire_10,Productivity Tools forDevOps Automated Testers
skillsoftaspire_11,SkillsoftAspire,Penetration Tester to SecOps Engineer
skillsoftaspire_11_F,skillsoftaspire_11,Productivity Tools for SecOps Engineers
skillsoftaspire_12,SkillsoftAspire,Web Programmer to Apprentice Programmer
skillsoftaspire_12_E,skillsoftaspire_12,Business & Leadership for Apprentice Programmers
skillsoftaspire_12_F,skillsoftaspire_12,Productivity Tools for Apprentice Programmers
skillsoftaspire_13,SkillsoftAspire,Software Project Lead to Advanced Scrum Master
skillsoftaspire_13_F,skillsoftaspire_13,Productivity Tools for Advanced Scrum Masters
skillsoftaspire_14,SkillsoftAspire,Network Security Specialist to CloudOps Security Architect
skillsoftaspire_14_F,skillsoftaspire_14,Productivity Tools for CloudOps Security Architect
skillsoftaspire_15,SkillsoftAspire,DevOps Engineer to Cloud Architect
skillsoftaspire_15_F,skillsoftaspire_15,Productivity Tools for Cloud Architects
skillsoftaspire_16,SkillsoftAspire,Apprentice Developer to Journeyman Developer
skillsoftaspire_16_E,skillsoftaspire_16,Business & Leadership for Journeyman Developers
skillsoftaspire_16_F,skillsoftaspire_16,Productivity Tools for Journeyman Developers
skillsoftaspire_17,SkillsoftAspire,AI Apprentice to AI Architect
skillsoftaspire_17_E,skillsoftaspire_17,Business & Leadership for AI Architects
skillsoftaspire_17_F,skillsoftaspire_17,Productivity Tools for AI Architects
skillsoftaspire_18,SkillsoftAspire,Programmer to API Developer
skillsoftaspire_18_E,skillsoftaspire_18,Business & Leadership for API Developers
skillsoftaspire_18_F,skillsoftaspire_18,Productivity Tools for API Developers
skillsoftaspire_19,SkillsoftAspire,Developer to Software Architect
skillsoftaspire_19_E,skillsoftaspire_19,Business & Leadership for Software Architects
skillsoftaspire_19_F,skillsoftaspire_19,Productivity Tools for Software Architects
skillsoftaspire_20,SkillsoftAspire,Network Admin to Site Reliability Engineer
skillsoftaspire_20_E,skillsoftaspire_20,Business & Leadership for Site Reliability Engineers
skillsoftaspire_20_F,skillsoftaspire_20,Productivity Tools for Site Reliability Engineers
skillsoftaspire_21,SkillsoftAspire,Infrastructure Support Engineer to CloudOps Engineer
skillsoftaspire_21_F,skillsoftaspire_21,Productivity Tools for CloudOps Engineers
skillsoftaspire_24,SkillsoftAspire,Business Analyst to Data Analyst
skillsoftaspire_24_F,skillsoftaspire_24,Productivity Tools for Business Analyst to Data Analysts
skillsoftaspire_25_B,skillsoftaspirelb_,Efficiency & Productivity in the New Normal
skillsoftaspire_25_D,skillsoftaspirelb_,Managing & Leading through Unexpected Disruption
skillsoftaspire_26,SkillsoftAspire,Data Visualization
skillsoftaspire_26_F,skillsoftaspire_26,Productivity Tools for Data Visualization
skillsoftaspire_27,SkillsoftAspire,Pythonista to Python Master
skillsoftaspire_27_F,skillsoftaspire_27,Business & Leadership for Python Master
skillsoftaspire_27_G,skillsoftaspire_27,Productivity Tools for Python Master
skillsoftaspire_29,SkillsoftAspire,Data Analysis with R
skillsoftaspire_29_E,skillsoftaspire_29,Business & Leadership for Data Analysis with R
skillsoftaspire_29_F,skillsoftaspire_29,Productivity Tools for Data Analysis with R
skillsoftaspire_30,SkillsoftAspire,Security Essentials for Decision-makers and Leaders
skillsoftaspire_30_E,skillsoftaspire_30,Productivity Tools for Decision-makers and Leaders
skillsoftaspire_31,SkillsoftAspire,Agile for Software Development
skillsoftaspire_31_G,skillsoftaspire_31,Productivity Tools with Agile for Software Development
skillsoftaspire_32,SkillsoftAspire,Serverless Deployments for Developers
skillsoftaspire_32_C,skillsoftaspire_32,Business & Leadership with Serverless Deployments for Developers
skillsoftaspire_32_D,skillsoftaspire_32,Productivity Tools with Serverless Deployments for Developers
skillsoftaspire_33,SkillsoftAspire,Java Novice to Javanista
skillsoftaspire_33_D,skillsoftaspire_33,Business & Leadership for Javanista
skillsoftaspire_33_E,skillsoftaspire_33,Productivity Tools for Javanista
skillsoftaspire_34,SkillsoftAspire,Web App Vulnerability Analyst
skillsoftaspire_34_C,skillsoftaspire_34,Productivity Tools for Web App Vulnerability Analyst
skillsoftaspire_35,SkillsoftAspire,5G Technologies and Practices
skillsoftaspire_35_D,skillsoftaspire_35,Productivity Tools for 5G Technologies and Practices
skillsoftaspire_38,SkillsoftAspire,Go Programming Essentials
skillsoftaspire_38_D,skillsoftaspire_38,Business & Leadership for Go Programming Essentials
skillsoftaspire_39,SkillsoftAspire,Enriched Web Development with Angular 11
skillsoftaspire_39_B,skillsoftaspire_39,Business & Leadership for Enriched Web Development with Angular 11
skillsoftaspire_4,SkillsoftAspire,Novice Developer to Pythonista
skillsoftaspire_4_bs,skillsoftaspire_4,Business & Leadership for Pythonista
skillsoftaspire_42,SkillsoftAspire,Javanista to Java Master
skillsoftaspire_42_E,skillsoftaspire_42,Business & Leadership for Javanista to Java Master
skillsoftaspire_46,SkillsoftAspire,Developer Fundamentals
skillsoftaspire_46_E,skillsoftaspire_46,Business & Leadership for Developer Fundamentals
skillsoftaspire_47,SkillsoftAspire,Programming Python in Action
skillsoftaspire_47_B,skillsoftaspire_47,Business & Leadership for Programming Python in Action
skillsoftaspire_5,SkillsoftAspire,Enterprise Development to DevOps Engineer
skillsoftaspire_51,SkillsoftAspire,Web App Vulnerability Analyst - 2022 Update
skillsoftaspire_51_C,skillsoftaspire_51,Productivity Tools for Web App Vulnerability Analyst
skillsoftaspire_6,SkillsoftAspire,Enterprise Development to Full Stack Developer
skillsoftaspire_62,SkillsoftAspire,Software Product Management Proficiency
skillsoftaspire_62_B,skillsoftaspire_62,Business & Leadership for Software Product Management
skillsoftaspire_63,SkillsoftAspire,Engineering Lead
skillsoftaspire_63_G,skillsoftaspire_63,Business & Leadership for Engineering Lead
skillsoftaspire_64,SkillsoftAspire,AI and ML for Decision-makers
skillsoftaspire_64_E,skillsoftaspire_64,Business & Leadership for AI and ML for Decision-makers
skillsoftaspire_7,SkillsoftAspire,Software Project Analyst to Senior Software Project Manager
skillsoftaspire_7_PM7,skillsoftaspire_7,Productivity Tools for senior Software Project Managers
skillsoftaspire_8,SkillsoftAspire,Security Analyst to Security Architect
skillsoftaspire_8_F,skillsoftaspire_8,Productivity Tools for Security Architects
skillsoftaspire_9,SkillsoftAspire,Programmer to Secure Agile Programmer
skillsoftaspire_9_F,skillsoftaspire_9,Productivity Tools for Secure Agile Programmers
skillsoftaspire_FSD_BL,skillsoftaspire_6,Business & Leadership for Enterprise Development to Full Stack Developers
skillsoftaspire_FSD_PT,skillsoftaspire_6,Productivity Tools for Full Stack Developer
skillsoftaspire_PT_DevOps,skillsoftaspire_5,Productivity Tools for DevOps Engineer
SkillsoftAspireLB,Skillsoft,Skillsoft Aspire L&B
skillsoftaspirelb_,SkillsoftAspireLB,Virtual Work in the New Normal
Skype2016,MicrosoftOffice2016,Skype 2016
Software,Technology,Software
Software_Architectures,Software_Craft,Software Architectures
Software_Craft,Percipio,Software Craft
Software_Craft,Topics,Software Craft
Software_Craftsmanship,Aspire_Journeys_for_Technology_&_Developer,Software Craftsmanship
Software_Dev_Practices,Software_Craft,Software Dev Practices
Software_Developer_Bootcamps,Skillsoft_Bootcamps,Software Developer Bootcamps
Software_Development,(ISC)2,Software Development
Software_Programmer_to_Secure_Programmer,Aspire_Journeys,Software Programmer to Secure Programmer
Software_Tester_to_DevOps_Automated_Tester,Aspire_Journeys,Software Tester to DevOps Automated Tester
Specialty,AWS,Specialty
Spreadsheet_Software,Software,Spreadsheet Software
Standard_Work,Topics,Standard Work
Standard_Work_-_Leader,Topics,Standard Work - Leader
StrategicThinking,StrayandIation,Strategic Thinking
StrayandIation,BusinessSkills1,Strategy and Innovation
Successful_Digital_Transformation,Skillsoft_Leadercamps,Successful Digital Transformation
Systems_Security,(ISC)2,Systems Security
T1,Topics,T1
TACTIS,Topics,TACTIS
Talent_Development_and_Transformation,Skillsoft_Leadercamps,Talent Development and Transformation
Team_Management,Management,Team Management
Teams,English,Teams
Technology,Open Sesame,Technology
Test_Channels,Engineering,Test Channels
Timeagemeivity1,Profionaleness,Time Management and Productivity
Topics,,Topics
TOSA_Desktop,Isograd,TOSA Desktop
TOSA_Digital,Isograd,TOSA Digital
Total_Productive_Maintenance,Topics,Total Productive Maintenance
TQM_(Total_Quality_Management),Topics,TQM (Total Quality Management)
Tranrtatiition,Envimentaiance,Transportation (Latin American Spanish Edition)
Tranrtatiition1,Envimentaiance,Transportation (US Edition)
Tranrtatiition10,Envimentaiance,Transportation (Italian Edition)
Tranrtatiition11,Envimentaiance,Transportation (Canadian Edition)
Tranrtatiition12,Envimentaiance,Transportation (Canadian French Edition)
Tranrtatiition2,Envimentaiance,Transportation (UK Edition)
Tranrtatiition3,Envimentaiance,Transportation (Chinese Edition)
Tranrtatiition4,Envimentaiance,Transportation (Portuguese Brazilian Edition)
Tranrtatiition5,Envimentaiance,Transportation (German Edition)
Tranrtatiition6,Envimentaiance,Transportation (Castilian Spanish Edition)
Tranrtatiition9,Envimentaiance,Transportation (Korean Edition)
Tranrtatition7,Envimentaiance,Transportation (Dutch Edition)
Tranrtatition8,Envimentaiance,Transportation (French Edition)
TWI_-_Job_Instruction,English,TWI - Job Instruction
TWI_-_Job_Instruction_for_Facilitators,English,TWI - Job Instruction for Facilitators
TWI_-_Job_Methods,English,TWI - Job Methods
TWI_-_Job_Relations,English,TWI - Job Relations
TWI_-_Job_Relations_for_Facilitators,English,TWI - Job Relations for Facilitators
TWI_for_Facilitators,Topics,TWI for Facilitators
TWI_for_Learners,Topics,TWI for Learners
Unconscious_Bias,"Diversity,_Equity,_&_Inclusion",Unconscious Bias
USFealGovition,LegalCompliance1,US Federal Government Compliance (US Edition)
Value_Stream,Topics,Value Stream
Virtual_Training,Skillsoft_Bootcamps,Virtual Training
Virtual_Work,Digital_Transformation,Virtual Work
Visual_Management,Topics,Visual Management
VMware,Certifications,VMware
VMware_Certified_Professional,VMware,VMware Certified Professional
"Volatile,_Uncertainty,_Complexity,_and_Ambiguity_",Skillsoft_Leadercamps,"Volatile, Uncertainty, Complexity, and Ambiguity"
Web_Development,Programming,Web Development
Web_Development,Technology,Web Development
Welcome_to_Percipio_,Percipio,Welcome to Percipio
Welcome_to_Percipio_,Topics,Welcome to Percipio
Well-Being,Professional_Improvement,Well-Being
Word,English,Word
WorkceComition,LegalCompliance1,Workplace Compliance Essentials (Brazilian Portuguese Edition)
WorkceComition1,LegalCompliance1,Workplace Compliance Essentials (Canadian French Edition)
WorkceComition10,LegalCompliance1,Workplace Compliance Essentials (Russian Edition)
WorkceComition12,LegalCompliance1,Workplace Compliance Essentials (UK English Edition)
WorkceComition13,LegalCompliance1,Workplace Compliance Essentials (US Edition)
WorkceComition14,LegalCompliance1,Workplace Compliance Essentials (Canadian Edition)
WorkceComition15,LegalCompliance1,Workplace Compliance Essentials (Castilian Spanish Edition)
WorkceComition16,LegalCompliance1,Workplace Compliance Essentials (Korean Edition)
WorkceComition17,LegalCompliance1,Workplace Compliance Essentials (Turkish Edition)
WorkceComition18,LegalCompliance1,Workplace Compliance Essentials (Czech Edition)
WorkceComition2,LegalCompliance1,Workplace Compliance Essentials (Chinese Edition)
WorkceComition20,LegalCompliance1,Workplace Compliance Essentials (Hindi Edition)
WorkceComition21,LegalCompliance1,Workplace Compliance Essentials (Australian Edition)
WorkceComition22,LegalCompliance1,Workplace Compliance Essentials (Bahasa Indonesian Edition)
WorkceComition23,LegalCompliance1,Workplace Compliance Essentials (Hungarian Edition)
WorkceComition24,LegalCompliance1,Workplace Compliance Essentials (Romanian Edition)
WorkceComition25,LegalCompliance1,Workplace Compliance Essentials (Thai Edition)
WorkceComition26,LegalCompliance1,Workplace Compliance Essentials (Swedish Edition)
WorkceComition27,LegalCompliance1,Workplace Compliance Essentials (Finnish Edition)
WorkceComition28,LegalCompliance1,Workplace Compliance Essentials (Bahasa Malay Edition)
WorkceComition29,LegalCompliance1,Workplace Compliance Essentials (Vietnamese Edition)
WorkceComition3,LegalCompliance1,Workplace Compliance Essentials (Dutch Edition)
WorkceComition30,LegalCompliance1,Workplace Compliance Essentials (Danish Edition)
WorkceComition32,LegalCompliance1,Workplace Compliance Essentials (Norwegian Edition)
WorkceComition33,LegalCompliance1,Workplace Compliance Essentials (New Zealand Edition)
WorkceComition34,LegalCompliance1,Workplace Compliance Essentials (Chinese Traditional Edition)
WorkceComition4,LegalCompliance1,Workplace Compliance Essentials (French Edition)
WorkceComition5,LegalCompliance1,Workplace Compliance Essentials (German Edition)
WorkceComition6,LegalCompliance1,Workplace Compliance Essentials (Italian Edition)
WorkceComition7,LegalCompliance1,Workplace Compliance Essentials (Japanese Edition)
WorkceComition8,LegalCompliance1,Workplace Compliance Essentials (Latin American Spanish Edition)
WorkceComition9,LegalCompliance1,Workplace Compliance Essentials (Polish Edition)
Working_and_Learning_Together_From_Home,Professional_Improvement,Working and Learning Together From Home
WorkingonaTeam1,Profionaleness,Working on a Team
WorkingRemotelyDuringaCrisis_a,BusinessContinuity,Working Remotely
WorkLifeBalance2,Profionaleness,Work-Life Balance
XML,Programming,XML
