QuestionBankCode,QuestionBankName
10 Day Mentor Survey,10 Day Mentor Survey
5S,5S Overview (Gemba)_Library
AH,AH
Compliance,Failure Mode and Effects Analysis Exam
Compliance,Failure Modes and Effects Analysis - Assessment 1
Core Knowledge,Introduction To Lean (Gemba)_Library
Hoshin,Hoshin Planning Overview (Gemba)_Library
Kaizen,Kaizen Event Roles (Gemba)_Library
Kaizen,Kaizen Overview (Gemba)_Library
Kaizen,Post Kaizen Activities (Gemba)_Library
Kaizen,Preparing fo the Kaizen Event (Gemba)_Library
Kaizen,System -Vs- Point (Gemba)_Library
Kaizen,The Kaizen Event (Gemba)_Library
Kaizen,The Kaizen Event Week (Gemba)_Library
Kaizen Leadership,Kaizen Leadership Overview (Gemba)_Library
Kanban,2 Card Kanban System (Gemba)_Library
Kanban,2 Card Kanban System Calculations (Gemba)_Library
Kanban,Calculating Signal Kanban Quantities (Gemba)_Library
Kanban,Kanban Overview (Gemba)_Library
Kanban,The 6 Kanban Prerequisites (Gemba)_Library
Muda,Dealing with the Seven Deadly Wastes Overview (Gemba)_Library
Muda,Dealing with the 7 Deadly Wastes Overview (Gemba)_Library
POP Part 1,AGGMO POP Training Quiz - Part 1
POP Part 2,AGGMO POP Training Quiz - Part 2
Practical Problem Solving,Practical Problem Solving Overview (Gemba)_Library
Problem Solving,Fishbone Diagram Explained (Gemba)_Library
Problem Solving,Five Why Explained (Gemba)_Library
Problem Solving,PDCA (Gemba)_Library
Problem Solving,Practical Problem Solving Overview (Gemba)_Library
Problem Solving,Step 1: Clarify Problem (Gemba)_Library
Problem Solving,Step 2: Break Down the Problem (Gemba)_Library
Problem Solving,Step 3: Set Target (Gemba)_Library
Problem Solving,Step 4: Analyze Root Causes (Gemba)_Library
Problem Solving,Step 5: Develop Countermeasures (Gemba)_Library
Problem Solving,Step 6: See Countermeasures Through (Gemba)_Library
Problem Solving,Step 7: Evaluate Process and Results (Gemba)_Library
Problem Solving,Step 7: Evaluate theProcess and Results (Gemba)_Library
Problem Solving,Step 8: Standardize Success and Learn from Failures (Gemba) _Library
Problem Solving,Step 8: Standardize Success and Learn from Failures (Gemba)_Library
Problem Solving - 7 Tools,Calculating Cp & Cpk (Gemba)_Library
Problem Solving - 7 Tools,Measures of Central Tendency (Gemba)_Library
Problem Solving - 7 Tools,Measures of Dispersion (Gemba)_Library
Problem Solving - 7 Tools,QC Tool 2: The Check Sheet (Gemba)_Library
Problem Solving - 7 Tools,QC Tool 3: Pareto Chart Quiz (Gemba)_Library
Problem Solving - 7 Tools,QC Tool 4: The Cause and Effect Diagram (Gemba)_Library
Problem Solving - 7 Tools,QC Tool 6: The Histogram (Gemba)_Library
Problem Solving - 7 Tools,The Graph (Gemba)_Library
Problem Solving - A3,A3 Thinking (Gemba)_Library
Problem Solving - Kata,Kata Overview (Gemba)_Library
Problem Solving Tools,Basic Statistics (Gemba)_Library
Problem Solving Tools,QC Tool 5: The Scatter Diagram (Gemba)_Library
Problem Solving Tools,QC Tool 7: The Control Chart (Gemba)_Library
Production Prepartion Process,3P Production Preparation Process Overview (Gemba)_Library
Quality,Built In Quality Overview (Gemba)_Library
Quick Changeover,Document Reality Part 1 (Gemba)_Library
Quick Changeover,Document the New Standard (Gemba)_Library
Quick Changeover,Quick Changeover Overview (Gemba)_Library
Quick Changeover,Seperate and Shift Internal to External (Gemba)_Library
Quick Changeover,Streamline External Tasks and Locate Parallel Tasks (Gemba)_Library
Quick Changeover,Streamline Internal Tasks (Gemba)_Library
Requirement,Paint Overview Comprehension Test (AGGU)
Standard Work,3 Elements (Gemba)_Library
Standard Work,Introduction to Standard Work (Gemba)_Library
Standard Work,Lead Time (Gemba)_Library
Standard Work,Prerequisites (Gemba)_Library
Standard Work,Process Capacity Tool (Gemba)_Library
Standard Work,Standard WIP (Gemba)_Library
Standard Work,Standard Work Combination (Gemba)_Library
Standard Work,Standard Work Instruction Sheet (Gemba)_Library
Standard Work,Standard Work Sheet (Gemba)_Library
Standard Work,Standardization (Gemba)_Library
Standard Work,Time Observation Sheet (Gemba)_Library
Standard Work,Transactional Standard Work (Gemba)_Library
Standard Work - Leader,Leader Standard Work Overview (Gemba)_Library
TEST_Hep B Questions,Hep B Survey
AGGNAI Apprenticeship,Six Sigma White Belt (MSSC)
Total Productive Maintenance,Total Productive Maintenance Overview (Gemba)_Library
TWI - Job Instruction,TWI - Job Instruction Overview (Gemba)_Library
TWI - Job Relations,TWI - Job Relations Overview (Gemba)_Library
TWI Job Methods,TWI - Job Methods Overview (Gemba)_Library
Value Streams,Transforming Your Value Streams (Gemba)_Library
Visual Management,Workplace Visualization Overview (Gemba)_Library
