OU ID*,OU Name*,Active,Allow Reconciliation,Parent ID,Owner ID,Description,Freeze Group Processing
1Compliance News,Compliance News,1,0,,,Test,0
4_Week_New_Hire_Survey,4 Week New Hire Survey,1,0,,,All new hires (temp and direct),0
503_-_Upgrade_generated_audience,503 - Upgrade generated audience,1,0,,,"This is upgrade generated audience from AGGMissouri Audience(AGGMissouri), All Users (DO NOT ASSIGN)(Global) created in Global",0
8BR_Second_Attempt,8BR Second Attempt,1,0,,,Test,0
Abnormal Handling_ Test Audience,Abnormal Handling_ Test Audience,1,0,,,This Audience have Abnormal Handling_ Test Audience Users only.,0
Actual_vs_Budget,Actual vs Budget,1,0,,,Asst Managers up to VP,0
AGG_ASK_Audience,AGG ASK Audience,1,0,,,Default audience for AGG ASK domain,0
AGG_FS_Audience,AGG FS Audience,1,0,,,Default audience for AGG FS domain,0
AGG_GDBR_Audience,AGG GDBR Audience,1,0,,,Default audience for AGG GDBR domain,0
AGG_IMX_Audience,AGG IMX Audience,1,0,,,Default audience for AGG IMX domain DO NOT DELETE OR OVERRIDE,0
AGG_KY_Audience,AGG KY Audience,1,0,,,Default audience for the AGG KY domain.,0
AGG_KY_Reporting_Audience,AGG KY Reporting Audience,1,0,,,This Audience have AGG KY Reporting Audience Users only.,0
AGG_Kinto_Audience,AGG Kinto Audience,1,0,,,Default audience for AGG Kinto domain,0
AGG_Kinto_Reporting_Audience,AGG Kinto Reporting Audience,1,0,,,Reporting audience for AGG Kinto domain.,0
AGG_MO_Audience,AGG MO Audience,1,0,,,Default audience for AGG MO domain,0
AGG_NA_Audience,AGG NA Audience,1,0,,,Default audience for AGG NA domain,0
AGG_PECVAL_Audience,AGG PECVAL Audience,1,0,,,Default audience for AGG PECVAL domain,0
AGG_RMX_Audience,AGG RMX Audience,1,0,,,Default audience for AGG RMX domain,0
AGG_RMX_Course_Assignment,AGG RMX Course Assignment,1,0,,,AGGRMX Percipio Access audience and course assignment audience.,0
AGG_RMX_Reporting_Audience,AGG RMX Reporting Audience,1,0,,,Audience for AGG RMX Managers.,0
AGG_South_India_Audience,AGG South India Audience,1,0,,,Default audience for AGG South India domain,0
AGG_Spirit_for_New_Hires_(delete),AGG Spirit for New Hires (delete),1,0,,,"For ""Intro to AGG"" ILT trainings (it's included in the curriculum for the ""Intro to AGG"" online version)",0
AGG_TAPEX_Audience,AGG TAPEX Audience,1,0,,,Default audience for AGG TAPEX domain,0
AGG_TAPEX_WEST_Audience,AGG TAPEX WEST Audience,1,0,,,Default audience for AGG TAPEX WEST domain,0
AGG_TX_Audience,AGG TX Audience,1,0,,,Default audience for AGG TX domain,0
AGG_Waterville_Audience,AGG Waterville Audience,1,0,,,Default audience for AGG Waterville domain,0
AGGNA_HR_Reporting,AGGNA HR Reporting,1,0,,,Audience for AGGNA HR leaders.,0
AGGNA_Reporting_Audience,AGGNA Reporting Audience,1,0,,,Reporting audience for the AGGNA domain.,0
AGGNAI_-_HR_Manager_Report,AGGNAI - HR Manager Report,1,0,,,This Audience have AGGNAI - HR Manager Report Users only.,0
Aida Test Audience,Aida's Test Audience,1,0,,,Audience Test for Aida to Practice On.,0
ALL_LMS_COORDINATORS,All LMS Coordinators,1,0,,,Audience for all LMS coordinators to manage coordinator specific access to library materials.,0
All_Managers_and_Above,All Managers and Above,1,0,,,This Audience have All Managers and Above Users only.,0
ALL_MANAGERS_IMX,ALL MANAGERS (IMX),1,0,,,An audience containing ALL MANAGERS for Library Visibility. DO NOT ASSIGN TO ACTIVITIES. REGISTRATION AUDIENCE ONLY.,0
ALL_MANAGERS_AGGFS,ALL MANAGERS (AGGFS),1,0,,,An audience containing ALL MANAGERS for Library Visibility. DO NOT ASSIGN TO ACTIVITIES. REGISTRATION AUDIENCE ONLY.,0
ALL_MANAGERS_AGGMO,ALL MANAGERS (AGGMO),1,0,,,An audience containing ALL MANAGERS for Library Visibility. DO NOT ASSIGN TO ACTIVITIES. REGISTRATION AUDIENCE ONLY.,0
ALL_Supervisor_&_Above,ALL Supervisor & Above,1,0,,,For getting the number of supervisor & above,0
all_users,All Users (DO NOT ASSIGN),1,0,,,ONLY FOR REGISTRATION AND LIBRARY VISIBILITY. DO NOT ASSIGN.,0
ASK - First Aid,First Aid Certification,1,0,,,Members of the First Aid Team,0
ASK - OJT Members,OJT Members (ASK),1,0,,,This Audience have OJT Members (ASK) Users only.,0
ASK - Statement of Confidentiality,Statement of Confidentiality,1,0,,,New salaried employees,0
ASK - Supervisor Cert Guidelines,SCP Guidelines (ASK),1,0,,,Participants of the Supervisor Certification Program,0
ask_reporting_audience,ASK Reporting Audience,1,0,,,Reporting audience for the ASK domain.,0
Battery_Charger_Training,Battery Charger Training,1,0,,,Battery charger training for shipping and receiving team members.,0
Box_Truck_Safety_Instruction,Box Truck Safety Instruction,1,0,,,box truck operators____ Planning & Receiving Dept,0
Bulk_Acid_Unloading,Bulk Acid Unloading,1,0,,,Dept. 6218,0
Chrome_Dept._6218_Curriculum,Chrome Dept. 6218 Curriculum,1,0,,,Dept. 6218,0
CIS_Reporting_Audience,CIS Reporting Audience,1,0,,,Audience for access to CIS reports.,0
Compliance_Corner_-_Test_File_Marcus,Compliance Corner - Test File Marcus,1,0,,,Compliance Corner - Test File Marcus,0
compliance_registration_audience,Compliance Course Registration Audience,1,0,,,An audience for compliance and other courses that need to be shared among domains.,0
Contabilidad_Lean,Contabilidad Lean,1,0,,,All Accounting,0
Container_Management,Container Management,1,0,,,Paint__Plating__Injection__Maintenance__Machine and tools__,0
Container_Management_(EWI_4.6.40),Container Management (EWI 4.6.40),1,0,,,Dept. 4602____ Dept. 6225____ Dept. 4634____ Dept. 4634X____ Dept. 4521X____ Dept. 4665____ Dept. 6616M,0
Critical Safety Parts (SV & TL)_2022,Critical Safety Parts [SV & TL],1,0,,,Audience for Supervisors and Team Leaders for Critical Safety Parts 2022,0
Critical Safety Parts [Op and Maintenance],Critical Safety Parts [Op and Maintenance],1,0,,,This Audience have Critical Safety Parts [Op and Maintenance] Users only.,0
Critical Safety Parts [QC & PE],Critical Safety Parts [QC & PE],1,0,,,Audience for Critical Safety Parts [QC & PE],0
CSP_OP&MAINT_2022,CSP_OP&MAINT_2022,1,0,,,Audience for Critical Safety Parts Training for Operators and Maintenance. (AGGJ 2022),0
CSP_Survey_Reconciliation,Critical Safety Parts,1,0,,,Audience to ensure all that have previously taken the Critical Safety Parts training can add input to the survey.,0
Customer_Critical_Characteristics_Training_I/E,Customer Critical Characteristics Training I/E,1,0,,,"Audience for all I/E division members at AGGMO and BTX, except IE Shipping 5019.",0
Customer_Critical_Characteristics_Training_SS,Customer Critical Characteristics Training SS,1,0,,,Audience for all SS division members at AGGMO and BTX.,0
DELETE_TEST FOR PHPR,DELETE_TEST FOR PHPR,1,0,,,This Audience have DELETE_TEST FOR PHPR Users only.,0
Document_Control_Procedure,Document Control Procedure,1,0,,,New Engineers,0
due Dec 10th,AGG Covid Vaccination Incentive Survey DEC 10TH,1,0,,,All company audience for AGG Vaccine Survey. Due by December 10th.,0
due JAN 31,AGG Covid Vaccination Incentive Survey JAN 31,1,0,,,Audience for 2nd round of Covid Vaccine Incentive Responses. Only pushed to audience members from previous group who did not complete the survey.,0
due March 31st,Covid Vaccine Incentive Survey (due March 31st),1,0,,,This Audience have Covid Vaccine Incentive Survey (due March 31st) Users only.,0
Electrical_Safety,Electrical Safety,1,0,,,"Engineer (Chrome, Electrical, Mechanical)____ Engineering Tech TPS____ Engineering Tech I, II, III____ Machine Engineer I, II, III____ Maintenance Team Member I, II, III, IV,V,VI____ Manufacturing Engineering I, II, III____ Mold Engineer I, II____ Production Engineer I____ TPS Engineer I, II, Maintenance Team Member, Jr",0
Electrical_Safety,Electrical Safety,1,0,,,This Audience have Electrical Safety Users only.,0
Emergency_Response_Team_(MO),Emergency Response Team (MO),1,0,,,AGGMO Emergency Response Team,0
Emotional_Intelligence_for_Managers,Emotional Intelligence for Managers,1,0,,,"Audience for the Emotional Intelligence for Managers curriculum. Managers, Assistant Managers, and Senior Managers.",0
Emotional_Intelligence_Training,Emotional Intelligence Training,1,0,,,Asst GM's and above,0
Engineering_Tech_I_Training_Plan_(TEST),Engineering Tech I Training Plan (TEST),1,0,,,This Audience have Engineering Tech I Training Plan (TEST) Users only.,0
expense_report_training,Expense Report Training,1,0,,,Expense report training audience for all Managers and Supervisors.,0
Failure_Mode_&_Effects_Analysis_(FMEA),Failure Mode & Effects Analysis (FMEA),1,0,,,Quality Engineers____ Manufacturing Engineers____ Engineering Techs____ Internal Auditors,0
Fall_Protection,Fall Protection,1,0,,,"Dept. 5090, 5091, 5091I _____ Maintenance I,II,III,IV,V,VI; Maintenance Engineer, Maintenance Team Member, Jr _____ Maintenance Dept. Supervisors & Managers",0
Fall_Protection,Fall Protection,1,0,,,for personnel who work at heights,0
FMLA_(Family_Medical_Leave_Act),FMLA (Family Medical Leave Act),0,0,,,Supervisors____ Managers____ General Managers,0
For testing Spanish Translations,Test Translations - Spanish,1,0,,,This Audience have Test Translations - Spanish Users only.,0
Forklift_Certification_(AGGBTX),Forklift Certification (AGGBTX),1,0,,,Individuals who require have Forklift Certification.,0
Forklift_Certification_(AGGMS),Forklift Certification (AGGMS),1,0,,,Individuals who require Forklift Certification,0
Forklift_Certification_(AGGNAI),Forklift Certification (AGGNAI),1,0,,,Individuals who require Forklift Certification Dept: 5020I,0
Forklift_Re-Certify,Forklift Re-Certify,1,0,,,"Employee has a prior record of completion, but needs to re-certify (ex. hasn't operated a forklift in more than a year)",0
Forklift_Remediation_(AGGBTX),Forklift Remediation (AGGBTX),1,0,,,"Individuals who have been involved in an accident, near-miss, or management has deemed retraining necessary.",0
Forklift_Remediation_(AGGMO),Forklift Remediation (AGGMO),1,0,,,"Individuals have been involved in an accident, near-miss, or management has deemed retraining necessary.",0
Forklift_Remediation_(AGGMS),Forklift Remediation (AGGMS),1,0,,,"Individuals who have been involved in an accident, near-miss, or management has deemed retraining necessary.",0
Forklift_Remediation_(AGGNAI),Forklift Remediation (AGGNAI),1,0,,,"Individuals who have been involved in an accident, near-miss, or management has deemed retraining necessary.",0
Forklift_View_in_Library,Forklift View in Library,1,0,,,This Audience have Forklift View in Library Users only.,0
FS - Legal Compliance,AGG Legal Compliance Training,1,0,,,For SPVRs and above,0
fs_reporting_audience,FS Reporting Audience,1,0,,,Reporting audience for FS domain.,0
GDBR - Portuguese Version - Harassment Prevention for Managers,Global Workplace Harassment Prevention for Managers,1,0,,,Supervisors & Managers,0
GDBR_Coordinators_Temporary,GDBR Coordinators,1,0,,,Audience for Coordinators(Coordenador) at AGGGDBR,0
GDBR_Expats_Temporary,GDBR Expats,1,0,,,Audience for Expats at GDBR,0
GDBR_Managers,GDBR Managers,1,0,,,Audience for Managers(Gerente) at AGGGDBR,0
GDBR_Supervisors_Temporary,GDBR Supervisors,1,0,,,Audience for Supervisors at AGGGDBR,0
Ghost_Audience,Ghost Audience,1,0,,,Default audience for Ghost domain,0
Glacial_Acetic_Acid_(GAA)_Work_Instruction,Glacial Acetic Acid (GAA) Work Instruction,1,0,,,This Audience have Glacial Acetic Acid (GAA) Work Instruction Users only.,0
Global - Tamson ME,Tamson Links (Mold Engineers),1,0,,,This Audience have Tamson Links (Mold Engineers) Users only.,0
Global - Tamson MS,Tamson Links (Mold Setter),1,0,,,This Audience have Tamson Links (Mold Setter) Users only.,0
Global - Tamson PE,Tamson Links (Production Engineers),1,0,,,This Audience have Tamson Links (Production Engineers) Users only.,0
Global - Tamson QE,Tamson Links (Quality Engineers),1,0,,,This Audience have Tamson Links (Quality Engineers) Users only.,0
"Global - Training Plan - Supervisor, Production (TEST)","Supervisor, Production - Training Plan",1,0,,,(TEST) Applies to all production supervisors,0
Global_Audience,Global Audience,1,0,,,Default audience for Global domain,0
Global_Data Architecture,Data Architecture,1,0,,,Computer training for engineers,0
Global_Data Science,Data Science,1,0,,,Computer training for supervisors & engineers,0
Global_Executive_Development_(GED),Global Executive Development (GED),1,0,,,This Audience have Global Executive Development (GED) Users only.,0
Global_Executive_Seminar_(GES),Global Executive Seminar (GES),1,0,,,This Audience have Global Executive Seminar (GES) Users only.,0
Global_IT Literacy Entry Level,IT Literacy - Entry Level,1,0,,,Computer courses for Supervisors,0
Global_Japanese version_Harassment Prevention for Managers,Global Workplace Harassment Prevention for Managers (Japanese),1,0,,,This Audience have Global Workplace Harassment Prevention for Managers (Japanese) Users only.,0
Global_Leadership_Development_Program_(GLDP),Global Leadership Development Program (GLDP),1,0,,,Presidents____ Vice Presidents,0
Global_PHPR_NonManagers,NEW_Preventing Harassment & Promoting Respect for Non-Managers,1,0,,,"Preventing Harassment and Promoting Respect for Non-Managers. Assigns 3 Activities. COMPLIANCE SHORT: Preventing Harassment and Promoting Respect 1,2,3.",0
Global_Workplace_Harassment_Prevention_for_Managers,Global Workplace Harassment Prevention for Managers,1,0,,,Global Workplace Harassment Training for ALL NAMCs. Supervisors and Above. Hoshin FY 21,0
Guardhouse_Requirements,Guardhouse Requirements,1,0,,,Guardhouse Group,0
Guest,Guest,1,0,,,This Audience have Guest Users only.,0
Handwritten_Changes_on_Controlled_Documents,Handwritten Changes on Controlled Documents,1,0,,,"All Supervisors, Managers, Engineers, and Set-up",0
Hazardous_Waste_Labeling_(EWI_4.6.31),Hazardous Waste Labeling (EWI 4.6.31),1,0,,,"Dept. 6218 pushed by curriculum (entire department, including Supervisors & Managers)_____ Dept. 6225 (entire department, including Supervisors & Managers)_____ [SS] Depts.: 6164, 6189, 6191, 6193, 6196, 6198 (with job titles of Maintenance Team Members I,II,III, IV; Supervisors; Managers)_____ [IE] Dept.: 5040 (Maintenance Team Members I, II, III, IV; Supervisors; Managers)_____ [NAI] Dept: 5040I (Maintenance Team Members I, II, III, IV; Supervisors; Managers)____",0
Hazardous_Waste_Labeling_(EWI_4.6.31),Hazardous Waste Labeling (EWI 4.6.31),1,0,,,Maintenance 3455 & 3355____Dept. 3467____Dondori 3469____Extrusion 3473,0
Hazardous_Waste_Storage/Removal_(EWI_4.6.32),Hazardous Waste Storage/Removal (EWI 4.6.32),1,0,,,Dept. 8032,0
Hazards_for_3M_Adhesion_Promoter,Hazards for 3M Adhesion Promoter,1,0,,,Audience for Hazards for 3M Adhesion Promoter.,0
Hazards_for_NMP_Cleaner,Hazards for NMP Cleaner,1,0,,,Hazards for NMP Cleaner. For all members of Poly and Poly management. 1 year recertification.,0
Hazwoper_40,Hazwoper 40,1,0,,,Emergency Response Team,0
Hazwoper_8,Hazwoper 8,1,0,,,Emergency Response Team,0
Hearing_Conservation,Hearing Conservation,1,0,,,Dept. 4633____ Dept. 4633X____ Dept. 4507____ Dept. 4507X____ Hearing Conservation Group,0
Hexavalent_Chromium,Hexavalent Chromium,1,0,,,Dept. 6218____ Dept. 8032____ Safety Specialist,0
IATA_Dangerous_Goods_(Air),IATA Dangerous Goods (Air),1,0,,,Employees who ship dangerous goods by air & sign shipping manifests,0
ILT,Global Machine Safety Standard ILT,1,0,,,This Audience have Global Machine Safety Standard ILT Users only.,0
IMDG_Dangerous_Goods_(Sea),IMDG Dangerous Goods (Sea),1,0,,,Employees who ship dangerous goods by water & sign shipping manifests,0
IMX - 8BR,8BR (8 Basic Requirements),1,0,,,Production TM's after 3 years of service,0
IMX - 8BR for New Hires,8BR (8 Basic Requirements) for New Hires,1,0,,,This Audience have 8BR (8 Basic Requirements) for New Hires Users only.,0
IMX - Antitrust Compliance Oath,Antitrust Compliance Oath,1,0,,,All salary job titles,0
IMX - Benefits Orientation,Intro to AGG - Benefits Orientation (IMX),1,0,,,All IMX new hires,0
IMX - Benefits Orientation (REHIRES),Intro to AGG - Benefits Orientation Rehire (IMX),1,0,,,Rehire audience for IMX benefits orientation.,0
IMX - Bribery Guidelines,Bribery Guidelines,1,0,,,Asst Managers____Managers___Senior Managers,0
IMX - Business Conduct Agreement,Business Conduct Agreement,1,0,,,all salary job titles,0
IMX - Calidad Incorporada (Built-in Quality) (todos los módulos),Built in Quality (All Modules),1,0,,,This Audience have Built in Quality (All Modules) Users only.,0
IMX - Cámbio Rápido – Quick Changeover: El sistema SMED (todos los módulos),Quick Changeover: The SMED System (All Modules),1,0,,,This Audience have Quick Changeover: The SMED System (All Modules) Users only.,0
IMX - Chrome Physical,Chrome Physical,1,0,,,Plating,0
"IMX - Conferencia de Masaaki Imai sobre Gemba, Kaizen y Lean (todos los módulos)","Conference on Gemba, Kaizen, and Lean (All Modules)",1,0,,,"This Audience have Conference on Gemba, Kaizen, and Lean (All Modules) Users only.",0
IMX - Confined Space,Confined Space,1,0,,,This Audience have Confined Space Users only.,0
IMX - Electrical Safety,Electrical Safety,1,0,,,Maintenance____ Engineering,0
IMX - Fall Protection,Fall Protection,1,0,,,This Audience have Fall Protection Users only.,0
IMX - Filehold,Filehold Training,1,0,,,managers and staff,0
IMX - Fire Extinguisher E-course,Fire Extinguisher E-course (IMX),1,0,,,temporary audience for Spanish version of Fire Extinguisher - to be used until SumTotal updates Production to 21.1,0
IMX - First Aid,First Aid Certification,1,0,,,This Audience have First Aid Certification Users only.,0
IMX - Forklift Certification,Forklift Certification (IMX),1,0,,,This Audience have Forklift Certification (IMX) Users only.,0
IMX - Harassment Prevention,Workplace Harassment Prevention for Managers,1,0,,,managers,0
IMX - Hazcom,Hazard Communication,1,0,,,Paint____ Plating____ Some members in Receiving,0
IMX - Hearing Conservation,Hearing Conservation,1,0,,,Pintura members,0
IMX - Hexavalent Chromium,Hexavalent Chromium,1,0,,,Assistant Manager in Platinado____ Engineer of Platinado____ Supervisor of Platinado,0
IMX - Intro to AGG Orientation,Intro to AGG - Orientation (IMX),1,0,,,All IMX new hires,0
IMX - Las 7 Herramientas de Control de Calidad (todos los módulos),Seven Quality Control Tools (All Modules),1,0,,,This Audience have Seven Quality Control Tools (All Modules) Users only.,0
IMX - Legal Compliance,AGG Legal Compliance Training,1,0,,,For SPVR's and Above,0
IMX - LIVE Fire,LIVE Fire Extinguisher Certification (IMX),1,0,,,Paint____Plating____Maintenance,0
IMX - LMS Intro SPANISH,LMS Introduction (Online) - SPANISH,1,0,,,This Audience have LMS Introduction (Online) - SPANISH Users only.,0
IMX - Mantenimiento Productivo Total (TPM) (todos los módulos),Total Productive Maintenance (All Modules),1,0,,,This Audience have Total Productive Maintenance (All Modules) Users only.,0
IMX - OHC,Overhead Crane Cert. (IMX),1,0,,,This Audience have Overhead Crane Cert. (IMX) Users only.,0
IMX - Phishing & Cybersecurity,Phishing and Cybersecurity Basics,1,0,,,all salaried employees,0
IMX - Planeación Hoshin (todos los módulos),Hoshin Planning (All Modules),1,0,,,This Audience have Hoshin Planning (All Modules) Users only.,0
IMX - Pulmonary Function Test,Pulmonary Function Test,1,0,,,Plating____ Paint,0
IMX - RBT,RBT (Regional Basic Training) AGGIMX,1,0,,,RBT Audience for IMX,0
IMX - Reporte A3 (todos los módulos),A3 Thinking (All Modules),1,0,,,This Audience have A3 Thinking (All Modules) Users only.,0
IMX - Respiratory Protection E-Course,Respiratory Protection E-Course,1,0,,,Platinado and Pintura members,0
IMX - Scissor & Boom,Scissor & Boom Cert. (AGGIMX),1,0,,,This Audience have Scissor & Boom Cert. (AGGIMX) Users only.,0
IMX - Scrubber Evacuation,Scrubber Evacuation,1,0,,,Platinado____ individual maintenance personnel,0
IMX - Statement of Confidentiality,Statement of Confidentiality,1,0,,,accounting____human resources____sales,0
IMX - Static Grounding Standards,Static Grounding Standards,1,0,,,Supervisors & Lead Team Members in Paint and Plating____ Maintenance Team Members____ Engineers____ Receiving PA Team Members,0
IMX - Sustainable Development Goals,Sustainable Development Goals,1,0,,,Asst. GM and above,0
IMX - TACTIS,TACTIS,1,0,,,263465 QA – Just the position QA Engenieers 263475 – Process Engeniering 263460 – PPCC,0
IMX - Transformando Su Cadena De Valor (todos los módulos),Transforming Your Value Streams (All Modules),1,0,,,This Audience have Transforming Your Value Streams (All Modules) Users only.,0
IMX - Welding Safety,Welding Safety,1,0,,,Kaizen (TPS members)____ maintenance TM's,0
IMX Location,Lockout Tagout (Authorized),1,0,,,"Machine & Tools____Human Resources Safety Specialist, Env. & Health Ocup., Safety Tech____Plating engineers & maintenance____Equipment Engineering",0
imx_reporting_audience,IMX Reporting Audience,1,0,,,Reporting access for the IMX domain. DO NOT DELETE OR OVERRIDE,0
Indiana Location,First Aid Certification - AGGNAI,1,0,,,"AGGNAI Team Members that volunteer to be on First Aid Team and are First Aid Certified: Heartsaver First Aid CPR AED is a video-based, instructor-led course that teaches students critical skills needed to respond to and manage an emergency until emergency medical services arrives.",0
Initiative_-_TEST,Initiative - TEST,1,0,,,This Audience have Initiative - TEST Users only.,0
Injection_Machine_Nozzle_Removal_(AGGMO),Injection Machine Nozzle Removal (AGGMO),1,0,,,"Audience for users who need to take Injection Machine Nozzle Removal Training. Departments 5040, 5040I, 5040M, 5041.",0
INT007,Test Audience (Intel),1,0,,,This is a test audience for Adam W to learn his way around the LMS System,0
Intern_test,Intern test,1,0,,,This Audience have Intern test Users only.,0
Internet_Security_Awareness,Internet Security Awareness,1,0,,,AGGNA employees,0
INTRO_TO_AGG_REHIRE_IMX,Intro to AGG - Orientation Rehire (IMX),1,0,,,Audience to assign intro to AGG to rehired employees at IMX.,0
IT_Reporting_Audience,IT Reporting Audience,1,0,,,Reporting audience for IT Training.,0
Kanban_Handling,Kanban Handling,1,0,,,"Kanban Handling training for Supervisors, Lead Team Members, and Production Team Members in dept 4501.",0
Kanban_system,Kanban system,1,0,,,PPCC engenieer____ Líder de empuje____ Comprador de materiales,0
Kiken_Yochi,Kiken Yochi,1,0,,,"All Production, Quality, Setup, and Maintenance Supervisors",0
L&D_Member_Percipio_Access,L&D Member Percipio Access,1,0,,,HR Management Audience for Percipio access,0
Learnin Plan_Shift Leader (IE Mold Maint),Shift Leader (IE Mold Maint),1,0,,,Requirements for Shift Leader in IE Mold Maintenance 5043,0
Learning Plan_Assistant General Manager (IE),Assistant General Manager (IE),1,0,,,Requirements for Assistant General Manager in IE,0
Learning Plan_Design Engineer I,Design Engineer I,1,0,,,Requirements for Design Engineer I,0
Learning Plan_Design Engineer II,Design Engineer II,1,0,,,Requirements for Design Engineer II,0
Learning Plan_Design Engineer III,Design Engineer III,1,0,,,Requirements for Design Engineer III,0
Learning Plan_Engineering Technician I (Chrome),Engineering Technician I (Chrome),1,0,,,Requirements for Engineering Technician I in IE Chrome 6218,0
Learning Plan_Engineering Technician I (IE Manf Eng),Engineering Technician I (IE Manf Eng),1,0,,,Requirements for Engineering Technician I in IE Manufacturing Engineering 6219,0
Learning Plan_Engineering Technician I (IE Mold Maint),Engineering Technician I (IE Mold Maint),1,0,,,Requirements for Engineering Technician I in IE Mold Maintenance 5043,0
Learning Plan_Engineering Technician I (Paint),Engineering Technician I (Paint),1,0,,,Requirements for Engineering Technician I in IE Paint 6225,0
Learning Plan_Engineering Technician II (Chrome),Engineering Technician II (Chrome),1,0,,,Requirements for Engineering Technician II in IE Chrome 6218,0
Learning Plan_Engineering Technician II (IE Manf Eng),Engineering Technician II (IE Manf Eng),1,0,,,Requirements for Engineering Technician II in IE Manufacturing Engineering 6219,0
Learning Plan_Engineering Technician II (IE Mold Maint),Engineering Technician II (IE Mold Maint),1,0,,,Requirements for Engineering Technician II in IE Mold Maintenance 5043,0
Learning Plan_Engineering Technician II (Paint),Engineering Technician II (Paint),1,0,,,Requirements for Engineering Technician II in IE Paint 6225,0
Learning Plan_Engineering Technician III (Chrome),Engineering Technician III (Chrome),1,0,,,Requirements for Engineering Technician III in IE Chrome 6218,0
Learning Plan_Engineering Technician III (IE Manf Eng),Engineering Technician III (IE Manf Eng),1,0,,,Requirements for Engineering Technician III in IE Manufacturing Engineering 6219,0
Learning Plan_Engineering Technician III (IE Mold Maint),Engineering Technician III (IE Mold Maint),1,0,,,Requirements for Engineering Technician III in IE Mold Maintenance 5043,0
Learning Plan_Engineering Technician III (Paint),Engineering Technician III (Paint),1,0,,,Requirements for Engineering Technician III in IE Paint 6225,0
Learning Plan_General Manager (IE),General Manager (IE),1,0,,,Requirements for General Manager in IE,0
Learning Plan_Machine Engineer I (SS),Machine Engineer I (SS),1,0,,,Requirement for Machine Engineer I in SS Machine Engineering-Mass Prod 5083,0
Learning Plan_Machine Engineer II (SS),Machine Engineer II (SS),1,0,,,Requirement for Machine Engineer II in SS Machine Engineering-Mass Prod 5083,0
Learning Plan_Machine Engineer III (SS),Machine Engineer III (SS),1,0,,,Requirement for Machine Engineer III in SS Machine Engineering-Mass Prod 5083,0
Learning Plan_Manufacturing Engineer I (IE Manf Eng),Manufacturing Engineer I (IE Manf Eng),1,0,,,Requirements for Manufacturing Engineer I in IE Manufacturing Engineering 6219,0
Learning Plan_Manufacturing Engineer I (Paint),Manufacturing Engineer I (Paint),1,0,,,Requirements for Manufacturing Engineer I in IE Paint Dept 6225,0
Learning Plan_Manufacturing Engineer II (IE Manf Eng),Manufacturing Engineer II (IE Manf Eng),1,0,,,Requirements for Manufacturing Engineer II in IE Manufacturing Engineering 6219,0
Learning Plan_Manufacturing Engineer II (IE),Manufacturing Engineer II (IE),1,0,,,Requirements for Manufacturing Engineer II in IE Paint Dept 6225,0
Learning Plan_Manufacturing Engineer III,Manufacturing Engineer III,1,0,,,Requirements for Manufacturing Engineer III in IE Paint Dept 6225,0
Learning Plan_Manufacturing Engineer III (IE Manf Eng),Manufacturing Engineer III (IE Manf Eng),1,0,,,Requirements for Manufacturing Engineer III in IE Manufacturing Engineering 6219,0
Learning Plan_Mold Engineer I (IE),Mold Engineer I (IE),1,0,,,Requirements for Mold Engineer I in IE Mold Maintenance 5043,0
Learning Plan_Mold Engineer II (IE),Mold Engineer II (IE),1,0,,,Requirements for Mold Engineer II in IE Mold Maintenance 5043,0
Learning Plan_Mold Engineer III (IE),Mold Engineer III (IE),1,0,,,Requirements for Mold Engineer III in IE Mold Maintenance 5043,0
Learning Plan_President,President,1,0,,,Requirements for President,0
Learning Plan_Quality Engineer I (IE),Quality Engineer I (IE),1,0,,,Requirements for Quality Engineer I in IE Quality Control 6260,0
Learning Plan_Quality Engineer II (IE),Quality Engineer II (IE),1,0,,,Requirements for Quality Engineer II in IE Quality Control 6260,0
Learning Plan_Quality Engineer III (IE),Quality Engineer III (IE),1,0,,,Requirements for Quality Engineer III in IE Quality Control 6260,0
Learning Plan_Senior Design Engineer,Senior Design Engineer,1,0,,,Requirements for Senior Design Engineer,0
Learning Plan_Senior General Manager (IE),Senior General Manager (IE),1,0,,,Requirements for Senior General Manager in IE,0
Learning Plan_Vice President,Vice President,1,0,,,Requirements for Vice President,0
Legal_Compliance_(Managers),Legal Compliance (Managers),1,0,,,All Managers____ All General Managers,0
Legal_Compliance_(Supervisors),Legal Compliance (Supervisors),1,0,,,ALL_SUPERVISORS,0
Lider_Inspiracional,Lider Inspiracional,1,0,,,Curso para promoción de TM a Staff,0
LIVE_Fire_Extinguisher_Instructor_Certification,LIVE Fire Extinguisher Instructor Certification,1,0,,,Instructors for LIVE fire extinguisher training which involves hands-on training,0
LMS Leadership Courses (Kinto) Ongoing,LMS Leadership Courses (Kinto),1,0,,,Ongoing audience for Percipio access for AGG Kinto Leadership Courses. Supervisors and above.,0
LMS_Introduction_(Online)_Stratford,LMS Introduction (Online) Stratford,1,0,,,LMS Introduction Online for Stratford Employees.,0
LMS_Introduction_for_Coordinators,LMS Introduction for Coordinators,1,0,,,This Audience have LMS Introduction for Coordinators Users only.,0
LMS_Introduction_Online_(AGGMO),LMS Introduction Online (AGGMO),1,0,,,LMS Introduction for AGGMO users (non-orientation),0
LMS_Leadership_Courses_-_Palmerston_(Kinto),LMS Leadership Courses - Palmerston (Kinto),1,0,,,"Audience for Percipio access and course assignment for Kinto leadership development. LeaderTech, Supervisor, Manager, and above. Palmerston only.",0
LMS_Leadership_Courses_-_Stratford_(Kinto),LMS Leadership Courses - Stratford (Kinto),1,0,,,"Audience for Percipio access and course assignment for Kinto leadership development. Supervisor, Manager, and above. Stratford only.",0
LMS_Training_Request_Access,LMS Training Request Access,1,0,,,An audience for additional access to the LMS training request system.,0
LMS_Training_Request_Access_(AGGFS),LMS Training Request Access (AGGFS),1,0,,,This Audience have LMS Training Request Access (AGGFS) Users only.,0
LMS_Training_Request_Access_(AGGKY),LMS Training Request Access (AGGKY),1,0,,,LMS training request access for AGGKY.,0
LMS_Training_Request_Access_(AGGNA),LMS Training Request Access (AGGNA),1,0,,,LMS Training Request Access for AGGNA members.,0
Maintenance_Connection_(Tech_Level),Maintenance Connection (Tech Level),1,0,,,"Maintenance Team Member (I, II, III, IV), Shift Leaders, and Tool & Die Makers in Dept. 5040, 5041, 5042, and 5043",0
Manager Report Audience,Manager Report Audience,1,0,,,Audience for ability to run Manager's Report DO NOT MAKE CHANGES,0
Manager_Only_Reporting_Audience_(AGGMO),Manager Only Reporting Audience (AGGMO),1,0,,,Managers only reporting audience for AGGMO.,0
Masayuki_Kanamori_Direct_Training,Masayuki Kanamori Direct Training,1,0,,,Training audience for specific assignment per Rhonda for TX Paint Advisor,0
Material_Handling_(Hazmat),Material Handling (Hazmat),1,0,,,Individuals in Planning and Receiving Department who receive and handle hazardous materials.,0
Material_Handling_(Hazmat)_Procedure,Material Handling (Hazmat) Procedure,1,0,,,Production Management,0
Material_Handling_Haz_Mat,Material Handling Haz Mat,1,0,,,Receiving material handlers,0
Material_Marking,Material Marking,1,0,,,This Audience have Material Marking Users only.,0
Mentor_Certification,Mentor Certification,1,0,,,Mentors designated for new hires.,0
Middle_Management_Training_(MMT),Middle Management Training (MMT),1,0,,,Assistant Managers____ Managers____ Assistant GM's,0
Kinto,Kinto,1,0,,,This Audience have Kinto Users only.,0
Kinto - Antitrust Compliance Oath,Antitrust Compliance Oath,1,0,,,All salaried employees (job titles),0
Kinto - Benefits Orientation,Intro to AGG - Benefits Orientation,1,0,,,New full-time direct hires,0
Kinto - Benefits Orientation (REHIRE),Intro to AGG - Benefits Orientation (REHIRE),1,0,,,Rehires who were gone for 1 year or longer,0
Kinto - Bribery Guidelines,Bribery Guidelines,1,0,,,"AGM, GM, SR GM",0
Kinto - Business Conduct Agreement,Business Conduct Agreement,1,0,,,All salaried employees,0
Kinto - COVID-19 Vaccination Survey,COVID-19 Vaccination Survey - Kinto,1,0,,,Assigned to all users of AGG Kinto.,0
Kinto - Electrical Safety,Electrical Safety,1,0,,,Engineering____ Maintenance____ TPS,0
Kinto - First Aid,First Aid Certification,1,0,,,This Audience have First Aid Certification Users only.,0
Kinto - Forklift,Forklift Certification (Kinto),1,0,,,This Audience have Forklift Certification (Kinto) Users only.,0
Kinto - Intro to AGG,Intro to AGG - Orientation,1,0,,,all Kinto users,0
Kinto - Intro to AGG (REHIRE),Intro to AGG - Orientation (REHIRE),1,0,,,Rehires who were gone for 1 year or longer,0
Kinto - Isocyanates,Isocyanates,1,0,,,This Audience have Isocyanates Users only.,0
Kinto - Leader Tech Leadership Courses,Leadership Courses - Stratford LTs,1,0,,,Leader Techs at Kinto - Stratford,0
Kinto - Legal Compliance,AGG Legal Compliance Training,1,0,,,Supervisors and above,0
Kinto - LMS Intro,LMS Introduction (Online),1,0,,,All AGGKinto employees,0
Kinto - LMS Intro for Managers,LMS Introduction for Managers (Online),1,0,,,anyone who manages others,0
Kinto - LOTO,Lockout Tagout (Authorized),1,0,,,Maintenance TM and Set Up Techs at Palmerston and Stratford,0
Kinto - New Hire Requirements,Kinto Orientation Required Courses,1,0,,,"New Hires____ WHMIS, Fire Safety, Preventing Harassment & Violence, Occupational Health & Safety",0
Kinto - OJT Members,OJT Members (Kinto),1,0,,,This Audience have OJT Members (Kinto) Users only.,0
Kinto - Orientation Initiative,Initiative - Orientation (Kinto),1,0,,,This Audience have Initiative - Orientation (Kinto) Users only.,0
Kinto - Overhead Crane,Overhead Crane Certification,1,0,,,This Audience have Overhead Crane Certification Users only.,0
Kinto - Tamson Mold Engineering,Tamson Mold Engineering,0,0,,,Future - Mold Technician job title,0
Kinto - Tamson Mold Set Up,Tamson Mold Set Up,0,0,,,Currently - Injection Molding Technician & Set Up Tech in MT4101 and MT4101S Future - add job titles Assistant Manager & Leader Tech & Supervisor (in same departments),0
Kinto - Tamson Production Engineering,Tamson Production Engineering,1,0,,,Currently - Maintenance in MT5240 and MT5240S; Managers in MT5240 & MT5240S & MT6530 & MT5290; Exclude David McMullen by name; add Mark Lange by name Future - Electrician in MT5240 and MT5240S; Engineer-Process in MT6530 and MT6530S; Supervisor in MT5240 and MT5240S and MT5290 and MT5290S; Technician in MT5290 and MT6530 and MT6530S; TPS Tech in MT5290 and MT5290S,0
Kinto - Percipio Access,Percipio Leadership Access,1,0,,,Gives access to Percipio Leadership E-Courses & Books,0
Kinto - Phishing & Cybersecurity,Phishing & Cybersecurity Basics,1,0,,,All salaried employees (job titles) & others who have company email addresses,0
Kinto - Pulmonary Medical Surveillance,Pulmonary Function Test,1,0,,,Paint____ Paint Indirect___ individual members,0
Kinto - RBT,RBT (Regional Basic Training),1,0,,,salaried employees,0
Kinto - Rehires Orientation Online,Rehire Orientation Curriculum Online Requirements (Kinto),1,0,,,For rehires only - who have previously completed the New Hire Initiative,0
Kinto - Respiratory Protection & Fit Test,Respiratory Protection & Fit Test,1,0,,,This Audience have Respiratory Protection & Fit Test Users only.,0
Kinto - Scissor & Boom,Scissor & Boom Certification,1,0,,,This Audience have Scissor & Boom Certification Users only.,0
Kinto - Statement of Confidentiality,Statement of Confidentiality,1,0,,,All salaried employees,0
Kinto - Supervisor Guidelines,SCP Guidelines (Kinto),1,0,,,SCP participants,0
Kinto - Supervisor Health & Safety,Supervisor Health & Safety Awareness,1,0,,,Any Kinto employee who has subordinates,0
Kinto - Welding,Welding Safety,1,0,,,maintenance TMs at Palmerston and Stratford,0
Kinto - WHMIS,WHMIS,1,0,,,This Audience have WHMIS Users only.,0
Kinto - Workplace Diversity,"Workplace Diversity, Equity & Inclusion in Action",1,0,,,"This Audience have Workplace Diversity, Equity & Inclusion in Action Users only.",0
Kinto users - test,Kinto users - test,1,0,,,This Audience have Kinto users - test Users only.,0
Mississippi Location,First Aid Certification - AGGMS,1,0,,,"AGGMS Team Members that volunteer to be on First Aid Team and are First Aid Certified: Heartsaver First Aid CPR AED is a video-based, instructor-led course that teaches students critical skills needed to respond to and manage an emergency until emergency medical services arrives.",0
MMT - New Structure,New MMT Training,1,0,,,This Audience have New MMT Training Users only.,0
MO - Legal Compliance,AGG Legal Compliance Training,1,0,,,For SPVR's and above,0
MO - Tamson Mold Engineering,Tamson Mold Engineering,0,0,,,Mold Engineers,0
MO - Tamson Mold Setters,Tamson Mold Setters,0,0,,,Mold Set-up TM's & Direct Mold Set-up TM's in Dept. 4623___ Supervisors in Dept. 4623X,0
MO - Tamson Production Engineering,Tamson Production Engineering,0,0,,,Production Engineers,0
MO - Tamson Quality Engineering,Tamson Quality Engineering,1,0,,,Quality Engineers,0
New Hire Training Plan for OJTP - Test,New Hire Training Plan for OJTP - Test,1,0,,,This Audience have New Hire Training Plan for OJTP - Test Users only.,0
New Test Audience,New Test Audience,1,0,,,This Audience have New Test Audience Users only.,0
New_Audience,New Audience,1,0,,,This Audience have New Audience Users only.,0
New_Hire_Survey,New Hire Survey,1,0,,,All New Hires (temp and direct),0
New_Open_Sesame_Audience,New Open Sesame Audience,1,0,,,This Audience have New Open Sesame Audience Users only.,0
New_Test_Audience,New Audience,1,0,,,This Audience have New Audience Users only.,0
OHC_REHIRE_AUDIENCE_AGGMO,Overhead Crane Rehire Audience (AGGMO),1,0,,,Rehire audience for reassignment of activities to individuals who leave the company and return after more than 1 year has passed.,0
OneHR - HIPAA,HIPAA for OneHR,1,0,,,HR____ Payroll____ Employee Relations____,0
Ongoing,Preventing Harassment and Promoting Respect (ongoing),1,0,,,Assigns the three Global Harassment Courses to employees after 30 days of hire. AGG Global Harassment for Employees,0
Open_Sesame_Audience,Open Sesame Audience,1,0,,,Default audience for Open Sesame domain,0
OSHA_10,OSHA 10,1,0,,,Student Group,0
OSHA_30,OSHA 30,1,0,,,Student Group,0
Overhead_Crane_Cert._(AGGMS),Overhead Crane Cert. (AGGMS),1,0,,,Individuals who need to operate overhead cranes____ Mold Set Up Team Members,0
Overhead_Crane_Cert._(AGGNAI),Overhead Crane Cert. (AGGNAI),1,0,,,Individuals who need to operate overhead cranes___ Dept. 5043I____ Mold Set Up Team Members,0
Overhead_Crane_Remed._(AGGMO),Overhead Crane Remed. (AGGMO),1,0,,,"Individuals who have been involved in an accident, near-miss, or management has deemed retraining necessary.",0
Overhead_Crane_Remed._(AGGMS),Overhead Crane Remed. (AGGMS),1,0,,,"Individuals who have been involved in an accident, near-miss, or management has deemed retraining necessary.",0
Overhead_Crane_Remed._(AGGNAI),Overhead Crane Remed. (AGGNAI),1,0,,,"Individuals who have been involved in an accident, near-miss, or management has deemed retraining necessary.",0
Tamson Test,Tamson Test,1,0,,,This Audience have Tamson Test Users only.,0
Percipio_Business_Courses_Access,Percipio Business Courses Access,1,0,,,An audience for access to Percipio Business courses.,0
Percipio_CIS,CIS_Percipio,1,0,,,Audience for AGGNA CIS individuals to peruse the Percipio library.,0
PERCIPIO_MANAGER_ACCESS (AGGMO),Percipio Manager Access (AGGMO),1,0,,,Percipio Access Audience for AGGMO Managers.,0
Phishing and Cybersecurity Basics (REMEDIATION),Phishing and Cybersecurity Basics (REMEDIATION),1,0,,,Remediation audience for Phishing and Cybersecurity Basics. Based on names provided by CIS based on performance in their random phishing scenarios.,0
Plating_on_Plastics_(POP),Plating on Plastics (POP),1,0,,,Required for technical employees in Chrome Dept. - Requested by Amy Conwell (June 2019),0
Preventing Harassment and Violence in the Canadian Workplace (Remediation),Preventing Harassment and Violence in the Canadian Workplace (Remediation),1,0,,,Audience for Canadian Harassment and Violence training. Only for direct assignments as a result of HR policy for remediation or retraining.,0
Process_Implementation_and_Changes,Process Implementation and Changes,1,0,,,"Manufacturing Engineers I, II, III",0
Production_Mold_Change_Safety_Procedure,Production Mold Change Safety Procedure,1,0,,,Dept. 4623____ Mold Set-Up Team Members,0
Propane_Training,Propane Training,1,0,,,Any forklift certified employee that operate a propane forklift. Managers are responsible for assigning propane training on an individual bases.,0
push_ training due,Training Coming Due Push Notification,1,0,,,A notification setup for training coming due.,0
push_expired_training,Expired Training Push Notification,1,0,,,push notification audience for expired training.,0
push_incomplete_training,Incomplete Activities Push Notification,1,0,,,A push notification for incomplete training.,0
push_reminder to attend,Reminder to Attend Training Push Notification,1,0,,,Push notification audience to remind employee to attend training.,0
Quality_Control_-_6260,Quality Control - 6260,1,0,,,IATF,0
Rack_Recoat_Hazard_Training_for_Maintenance_TMs,Rack Recoat Hazard Training for Maintenance TMs,1,0,,,Rack recoat safety training for Maintenance Team Members 3-6 in department 5040.,0
Rack_Recoat_Safety_Training,Rack Recoat Safety Training,1,0,,,Safety Training for Rack Recoat TMs.,0
Read & Sign,Global Machine Safety Standards Training,1,0,,,This Audience have Global Machine Safety Standards Training Users only.,0
Registration Audience,TWI Job Instruction - Refresher Course (Registration Audience),1,0,,,"Allows registration only from Supervisors, Managers, and those who have completed TWI JI 10-hour Certification",0
Registration_Test_Audience,Registration Test Audience (Do not assign),1,0,,,This Audience have Registration Test Audience (Do not assign) Users only.,0
Regulated_Medical_Waste_Packaging,Regulated Medical Waste Packaging,1,0,,,Student Group,0
Reporting_Audience_for_AGGMO_Administrators,Reporting Audience for AGGMO Administrators,1,0,,,This Audience have Reporting Audience for AGGMO Administrators Users only.,0
Reporting_Audience_for_AGGSIN_Administrators,Reporting Audience for AGGSIN Administrators,1,0,,,This Audience have Reporting Audience for AGGSIN Administrators Users only.,0
Respiratory_Protection,Respiratory Protection,1,0,,,Dept. 6218____ Individuals in Dept. 4665____ Emergency Response Team,0
Respiratory_Protection_eCourse_for_Chrome_Supervisors,Respiratory Protection eCourse for Chrome Supervisors,1,0,,,"Supervisors or managers in Chrome Dept. 6218 who manage users of the Respiratory Protection program, but who do not require the program themselves",0
RM_Test_Audience_for_AGGKY,RM Test Audience for AGGKY,1,0,,,This Audience have RM Test Audience for AGGKY Users only.,0
RMX - LMS Introduction,LMS Introduction (Online),1,0,,,AGGRMX employees,0
RMX - RBT,RBT (Regional Basic Training),1,0,,,All salaried employees,0
safety_training_for_maintenance,Safety Training for Maintenance and Troubleshooting,1,0,,,AGGNA training for Maintenance and Engineering team members.,0
Salaried_MO_Employees,Salaried MO Employees,1,0,,,This Audience have Salaried MO Employees Users only.,0
Scissor_&_Boom_Cert._(AGGMS),Scissor & Boom Cert. (AGGMS),1,0,,,Individuals who require Scissor & Boom Certification.,0
Scissor_&_Boom_Cert._(AGGNAI),Scissor & Boom Cert. (AGGNAI),1,0,,,Individuals who require Scissor & Boom Certification.,0
Scissor_&_Boom_Remed._(AGGMO),Scissor & Boom Remed. (AGGMO),1,0,,,"Individuals who have been involved in an accident, near-miss, or management has deemed retraining necessary.",0
Scissor_&_Boom_Remed._(AGGMS),Scissor & Boom Remed. (AGGMS),1,0,,,"Individuals who have been involved in an accident, near-miss, or management has deemed retraining necessary.",0
Scissor_&_Boom_Remed._(AGGNAI),Scissor & Boom Remed. (AGGNAI),1,0,,,"Individuals who have been involved in an accident, near-miss, or management has deemed retraining necessary.",0
SCISSOR_BOOM_REHIRE_AUDIENCE_AGGMO,Scissor and Boom Rehire Audience (AGGMO),1,0,,,Rehire audience for reassignment of activities to individuals who leave the company and return after more than 1 year has passed.,0
SCP_-_L&D_Facilitators,SCP - L&D Facilitators,1,0,,,L&D Facilitators for Supervisor Certification Program,0
SCP_Completion_Audience,Supervisor Certification Program Completion,1,0,,,Audience to generate historical record of SCP completions.,0
SCP_Library_Access,SCP Library Access,1,0,,,All Supervisors and up,0
Scrubber_Evacuation_Awareness,Scrubber Evacuation Awareness,1,0,,,Chrome Departments,0
Seven_Quality_Control_Tools_for_Managers_(IE_and_SS),Seven Quality Control Tools for Managers (IE and SS),1,0,,,Specific user audience for a collection of Seven Quality Control tools. Required for IATA audit.,0
Shipping_Dangerous_Goods_General_Awareness,Shipping Dangerous Goods General Awareness,1,0,,,This Audience have Shipping Dangerous Goods General Awareness Users only.,0
Skillsoft_-_OLSA_Audience,Skillsoft - OLSA Audience,1,0,,,Default audience for Skillsoft - OLSA domain,0
Skillsoft_-_Percipio_Audience,Skillsoft - Percipio Audience,1,0,,,Default audience for Skillsoft - Percipio domain,0
Skillsoft_-_Percipio_Compliance_Audience,Skillsoft - Percipio Compliance Audience,1,0,,,Default audience for Skillsoft - Percipio Compliance domain,0
SLO participants,SCP Guidelines for SLO,1,0,,,Participants of the Supervisor Learning Opportunity,0
Special_Characteristics_Training,Special Characteristics Training,1,0,,,All employees in SS division,0
Statement_of_Confidentiality,Statement of Confidentiality,1,0,,,corporate administration/accounting groups: 8030____8031____8034____8035____8042____8052____8060____8030I____8031I____8030M____8031M____,0
Succession_Plan_for_Aaron_Harris,Succession Plan for Aaron Harris,1,0,,,This Audience have Succession Plan for Aaron Harris Users only.,0
Succession_Plan_for_Alec_Ernst,Succession Plan for Alec Ernst,1,0,,,This Audience have Succession Plan for Alec Ernst Users only.,0
Succession_Plan_for_Angie_Geile,Succession Plan for Angie Geile,1,0,,,This Audience have Succession Plan for Angie Geile Users only.,0
Succession_Plan_for_Angie_Kapp,Succession Plan for Angie Kapp,1,0,,,This Audience have Succession Plan for Angie Kapp Users only.,0
Succession_Plan_for_Angie_Prost,Succession Plan for Angie Prost,1,0,,,This Audience have Succession Plan for Angie Prost Users only.,0
Succession_Plan_for_Brian_Behrle,Succession Plan for Brian Behrle,1,0,,,This Audience have Succession Plan for Brian Behrle Users only.,0
Succession_Plan_for_Chris_Barrows,Succession Plan for Chris Barrows,1,0,,,This Audience have Succession Plan for Chris Barrows Users only.,0
Succession_Plan_for_Chris_Cox,Succession Plan for Chris Cox,1,0,,,This Audience have Succession Plan for Chris Cox Users only.,0
Succession_Plan_for_Chris_Roseman,Succession Plan for Chris Roseman,1,0,,,This Audience have Succession Plan for Chris Roseman Users only.,0
Succession_Plan_for_Clay_Kuehn,Succession Plan for Clay Kuehn,1,0,,,This Audience have Succession Plan for Clay Kuehn Users only.,0
Succession_Plan_for_Gary_Umfleet,Succession Plan for Gary Umfleet,1,0,,,This Audience have Succession Plan for Gary Umfleet Users only.,0
Succession_Plan_for_Jamie_Robinson,Succession Plan for Jamie Robinson,1,0,,,This Audience have Succession Plan for Jamie Robinson Users only.,0
Succession_Plan_for_Janel_Meyr,Succession Plan for Janel Meyr,1,0,,,This Audience have Succession Plan for Janel Meyr Users only.,0
Succession_Plan_for_Jason_Anderson,Succession Plan for Jason Anderson,1,0,,,This Audience have Succession Plan for Jason Anderson Users only.,0
Succession_Plan_for_Jason_Huber,Succession Plan for Jason Huber,1,0,,,This Audience have Succession Plan for Jason Huber Users only.,0
Succession_Plan_for_Jason_Robinson,Succession Plan for Jason Robinson,1,0,,,This Audience have Succession Plan for Jason Robinson Users only.,0
Succession_Plan_for_Jerad_Tittel,Succession Plan for Jerad Tittel,1,0,,,This Audience have Succession Plan for Jerad Tittel Users only.,0
Succession_Plan_for_Justin_Walker,Succession Plan for Justin Walker,1,0,,,This Audience have Succession Plan for Justin Walker Users only.,0
Succession_Plan_for_Kim_Layton,Succession Plan for Kim Layton,1,0,,,This Audience have Succession Plan for Kim Layton Users only.,0
Succession_Plan_for_Les_Renaud,Succession Plan for Les Renaud,1,0,,,This Audience have Succession Plan for Les Renaud Users only.,0
Succession_Plan_for_Lorenzo_Rodriguez,Succession Plan for Lorenzo Rodriguez,1,0,,,This Audience have Succession Plan for Lorenzo Rodriguez Users only.,0
Succession_Plan_for_Mark_Miller,Succession Plan for Mark Miller,1,0,,,This Audience have Succession Plan for Mark Miller Users only.,0
Succession_Plan_for_Matt_Buttke,Succession Plan for Matt Buttke,1,0,,,This Audience have Succession Plan for Matt Buttke Users only.,0
Succession_Plan_for_Mike_Pyle,Succession Plan for Mike Pyle,1,0,,,This Audience have Succession Plan for Mike Pyle Users only.,0
Succession_Plan_for_Rhonda_Ruark,Succession Plan for Rhonda Ruark,1,0,,,This Audience have Succession Plan for Rhonda Ruark Users only.,0
Succession_Plan_for_Scott_Abernathy,Succession Plan for Scott Abernathy,1,0,,,This Audience have Succession Plan for Scott Abernathy Users only.,0
Succession_Plan_for_Susan_Davis,Succession Plan for Susan Davis,1,0,,,This Audience have Succession Plan for Susan Davis Users only.,0
Succession_Plan_for_Tom_Huber,Succession Plan for Tom Huber,1,0,,,This Audience have Succession Plan for Tom Huber Users only.,0
Succession_Plan_for_Tony_Anschultz,Succession Plan for Tony Anschultz,1,0,,,This Audience have Succession Plan for Tony Anschultz Users only.,0
Succession_Planning_Audience_(AGGMO),Succession Planning Audience (AGGMO),1,0,,,Audience for managers in succession planning.,0
Succession_Planning_Reporting_Audience_(AGGMO),Succession Planning Reporting Audience (AGGMO),1,0,,,Succession planning report audience for access to the Succession Planning reports folder.,0
sustainable_development_goals,Sustainable Development Goals,1,0,,,"An audience for intro to SDGs. Starting with AGM and above, eventually to everyone.",0
Sustainable_Development_Goals_(AGGNA),Sustainable Development Goals (AGGNA),1,0,,,Sustainable Development Goals audience for AGGNA.,0
Sustainable_Development_Goals_(Kinto),Sustainable Development Goals (Kinto),1,0,,,SDGs for AGG Kinto,0
system_administrators,System Administrators,1,0,,,This Audience have System Administrators Users only.,0
Temp_Leader_Report_(AGGBTX)_Audience,Temp Leader Report (AGGBTX) Audience,1,0,,,Allows restriction in Advanced Reporting DO NOT ADJUST AUDIENCE,0
Temp_Leader_Report_(AGGMO)_Audience,Temp Leader Report (AGGMO) Audience,1,0,,,Allows restriction in Advanced Reporting DO NOT ADJUST AUDIENCE (staff updated 10-26-20),0
Temp_Leader_Report_(AGGMS)_Audience,Temp Leader Report (AGGMS) Audience,1,0,,,Allows restriction in Advanced Reporting DO NOT ADJUST AUDIENCE,0
Temp_Leader_Report_(AGGNAI)_Audience,Temp Leader Report (AGGNAI) Audience,1,0,,,Allows restriction in Advanced Reporting DO NOT ADJUST AUDIENCE,0
Test,Test,1,0,,,This Audience have Test Users only.,0
"Test - 4 columns for Assistant Manager, Production","Assistant Manager, Production (4 columns)",1,0,,,"Problem Point - pulls in job title ""Manager, Assistant, Tech""",0
"Test - 4 columns for Manager, Production","Manager, Production (4 columns)",1,0,,,"This Audience have Manager, Production (4 columns) Users only.",0
"Test - 4 columns for Supervisor II, Production","Supervisor II, Production (4 columns)",1,0,,,"This Audience have Supervisor II, Production (4 columns) Users only.",0
"Test - 4 columns for Supervisor, HR","Supervisor, HR (4 columns)",1,0,,,"This Audience have Supervisor, HR (4 columns) Users only.",0
"Test - 4 columns for Supervisor, Production","Supervisor I, Production (4 columns)",1,0,,,Problem Point - 10 pages of supervisor job titles,0
Test Audience,Test Audience,1,0,,,This Audience have Test Audience Users only.,0
Test Initiative - Leadership,Test Initiative - Leadership,1,0,,,This Audience have Test Initiative - Leadership Users only.,0
test test,Test audience (Jenni),1,0,,,This Audience have Test audience (Jenni) Users only.,0
test_-_all_managers/supervisors,test - all managers/supervisors,1,0,,,This Audience have test - all managers/supervisors Users only.,0
TEST_-_Tamson_Production_Engineering_-_TEST,TEST - Tamson Production Engineering - TEST,1,0,,,This Audience have TEST - Tamson Production Engineering - TEST Users only.,0
Test_-_Salary,Test - Salary,1,0,,,This Audience have Test - Salary Users only.,0
Test_ASK PHPR,TEST_ASK PHPR,1,0,,,Test for PHPR at ASK...Delete when correct,0
Test_Engineer_Tech_I_(Standard)_Learning__Plan,Test Engineer Tech I (Standard) Learning Plan,1,0,,,This Audience have Test Engineer Tech I (Standard) Learning Plan Users only.,0
"test_for_rule_set_""User_is_Manager_of_____employees""","test for rule set ""User is Manager of ___ employees""",1,0,,,"This Audience have test for rule set ""User is Manager of ___ employees"" Users only.",0
Test_IMX PHPR,Test_IMX PHPR,1,0,,,IMX Test audience,0
Test_New Hire Survey Audience,Test_New Hire Survey Audience,1,0,,,Troubleshooting gap in New Hire Survey audience.,0
TEST_Observation Checklist Observer,TEST Observation Checklist Observer,1,0,,,This Audience have TEST Observation Checklist Observer Users only.,0
Test_Online_Rehire_Audience,Test Online Rehire Audience,1,0,,,This Audience have Test Online Rehire Audience Users only.,0
Test_PHPR_Replacement,Test DEI Audience,1,0,,,This Audience have Test DEI Audience Users only.,0
Test_Pix Audience,Test_Pix Audience,1,0,,,This Audience have Test_Pix Audience Users only.,0
Test_Rehire_End_date,Test Rehire End date,1,0,,,This Audience have Test Rehire End date Users only.,0
Test2_ASK_PHPR,Test_ASK2_PHPR,1,0,,,This Audience have Test_ASK2_PHPR Users only.,0
AGG - Critical Safety Parts Control Training,Critical Safety Parts Control Training,1,0,,,For safety systems production supervisors.,0
AGG Global Harassment for Employees,Preventing Harassment and Promoting Respect,1,0,,,Audience for non-manager harassment training across all US locations. AGG Global Harassment for Employees,0
AGG_Test,Test Pix,1,0,,,This Audience have Test Pix Users only.,0
AGGASK - 11 Commitments,11 Commitments,1,0,,,This Audience have 11 Commitments Users only.,0
AGGASK - 49 CFR,49 CFR Dangerous Goods,1,0,,,This Audience have 49 CFR Dangerous Goods Users only.,0
AGGASK - Antitrust,Antitrust Compliance Oath,1,0,,,all salaried,0
AGGASK - Benefits Orientation,Intro to AGG - Benefits Orientation,1,0,,,This Audience have Intro to AGG - Benefits Orientation Users only.,0
AGGASK - Benefits Orientation (REHIRE),Intro to AGG - Benefits Orientation (REHIRE),1,0,,,Rehires who were gone for 1 year or longer,0
AGGASK - Bribery Guidelines,Bribery Guidelines,1,0,,,"AGM, GM, SGM",0
AGGASK - Business Conduct,Business Conduct Agreement,1,0,,,All Salary members,0
AGGASK - confined space,Confined Space,1,0,,,maintenance departments,0
AGGASK - Critical Parts Control,Critical Safety Parts Control Training (for TM's),1,0,,,Brett Wilson specifically requested these TMs be assigned this training (4/21/22).,0
AGGASK - Critical Safety Parts Control Training,Critical Safety Parts Control Training,1,0,,,This Audience have Critical Safety Parts Control Training Users only.,0
AGGASK - Culture Survey,AGGASK Culture Survey,1,0,,,All AGGASK members,0
AGGASK - Electrical Safety,Electrical Safety,1,0,,,Maintenance____ TPS____ Engineering,0
AGGASK - Filehold Training,Filehold Training,1,0,,,This Audience have Filehold Training Users only.,0
AGGASK - Fire Extinguisher,Fire Extinguisher,1,0,,,"Extrusion, Maintenance, all supervisors",0
AGGASK - Forklift Cert,Forklift Certification (ASK),1,0,,,This Audience have Forklift Certification (ASK) Users only.,0
AGGASK - Forklift Safety E-Course Recertification,Forklift E-Course Recert (ASK),1,0,,,Forklift operators who have previously completed Forklift Certification requirements. This is a 3-yr recert for the e-course only.,0
AGGASK - Hearing Conservation,Hearing Conservation,1,0,,,Maintenance____ TPS____ Engineering,0
AGGASK - initial push to FL operators,Forklift Safety E-course (AGGASK),1,0,,,Requested by Jesse McQuire,0
AGGASK - Intro to AGG (REHIRE),Intro to AGG - Orientation (REHIRE),1,0,,,Rehires who were gone for 1 year or longer,0
AGGASK - Laser Safety,Laser Safety,1,0,,,Maintenance____ TPS____ Engineering,0
AGGASK - Legal Compliance,AGG Legal Compliance,1,0,,,Supervisors and above,0
AGGASK - LMS Introduction Online,LMS Introduction (Online),1,0,,,All members of AGGASK,0
AGGASK - LOTO,Lockout Tagout (Authorized),1,0,,,maintenance____ some jobs in engineering,0
AGGASK - OHC,Overhead Crane Cert (AGGASK),1,0,,,Maintenance,0
AGGASK - Orientation,Intro to AGG - Orientation,1,0,,,This Audience have Intro to AGG - Orientation Users only.,0
AGGASK - Orientation Initiative,Initiative - Orientation (ASK),1,0,,,Directs & Temps with start date on or after 8/22/22,0
AGGASK - Orientation Initiative - REHIRE,Initiative - Orientation REHIRE (AGGASK),1,0,,,Rehires who were gone from the company for 1 year or longer,0
AGGASK - Tamson Mold Setters,Tamson Mold Setters,0,0,,,This Audience have Tamson Mold Setters Users only.,0
AGGASK - Phishing & Cybersecurity,Phishing & Cybersecurity Basics,1,0,,,Salaried members____ maintenance____ Kaizen____ Team Leads____ Quality____ individual users,0
AGGASK - RBT Managers,RBT (Regional Basic Training) AGGASK - Managers,1,0,,,RBT for AGGASK Managers and above. 14 days to complete.,0
AGGASK - RBT Salary,RBT (Regional Basic Training) AGGASK Salary,1,0,,,RBT for AGGASK salaried employees. 30 days to complete.,0
AGGASK - Scissor & Boom,Scissor & Boom Cert. (AGGASK),1,0,,,This Audience have Scissor & Boom Cert. (AGGASK) Users only.,0
AGGASK LMS Introduction for Managers,LMS Introduction for Managers (AGGASK),1,0,,,LMS introduction for managers. Pushed on 9/28.,0
AGGFS,Intro to AGG - Orientation,1,0,,,All AGGFS Team Members,0
AGGFS - Antitrust Compliance Oath,Antitrust Compliance Oath,1,0,,,All salaried job titles,0
AGGFS - Benefits Orientation,Intro to AGG - Benefits Orientation,1,0,,,New full-time direct hires,0
AGGFS - Boom Lift,Scissor & Boom Certified (Boom Lift),1,0,,,This Audience have Scissor & Boom Certified (Boom Lift) Users only.,0
AGGFS - Bribery Guidelines,Bribery Guidelines,1,0,,,"For Assistant GMs, GMs, and SGMs",0
AGGFS - Business Conduct Agreement,Business Conduct Agreement,1,0,,,All salaried job titles,0
AGGFS - Electrical Safety,Electrical Safety,1,0,,,This Audience have Electrical Safety Users only.,0
AGGFS - Fall Protection,Fall Protection,1,0,,,This Audience have Fall Protection Users only.,0
AGGFS - Fire Extinguisher,Fire Extinguisher,1,0,,,This Audience have Fire Extinguisher Users only.,0
AGGFS - First Aid,First Aid Certification,1,0,,,Members who are certified to perform First Aid,0
AGGFS - First Aid Instructor,First Aid Instructor Certification,1,0,,,Certified instructor for First Aid/CPR/AED,0
AGGFS - Forklift (Sitdown),Forklift Certified (Sitdown),1,0,,,This Audience have Forklift Certified (Sitdown) Users only.,0
AGGFS - Forklift (Standup),Forklift Certified (Standup),1,0,,,This Audience have Forklift Certified (Standup) Users only.,0
AGGFS - Forklift (Tugger),Forklift Certified (Tugger),1,0,,,This Audience have Forklift Certified (Tugger) Users only.,0
AGGFS - Forklift Certification,Forklift Certification (AGGFS),1,0,,,This Audience have Forklift Certification (AGGFS) Users only.,0
AGGFS - Forklift Remediation,Forklift REMEDIATION (AGGFS),1,0,,,This Audience have Forklift REMEDIATION (AGGFS) Users only.,0
AGGFS - Hazcom,Hazard Communication,1,0,,,This Audience have Hazard Communication Users only.,0
AGGFS - Laser Safety,Laser Safety,1,0,,,This Audience have Laser Safety Users only.,0
AGGFS - Laser Safety Officer,Laser Safety Officer,1,0,,,This Audience have Laser Safety Officer Users only.,0
AGGFS - LMS Intro (Online),LMS Introduction (Online),1,0,,,all employees at AGGFS,0
AGGFS - Lockout Tagout,Lockout Tagout (Authorized),1,0,,,This Audience have Lockout Tagout (Authorized) Users only.,0
AGGFS - Overhead Crane,Overhead Crane Cert (AGGFS),1,0,,,Engineering Tech____ Tool Maker____ Machine Builder____ Process Engineering Mgr____ Sr Manufacturing Engineer,0
AGGFS - Phishing & Cybersecurity,Phishing and Cybersecurity Basics,1,0,,,All salaried employees & others who have company email addresses,0
AGGFS - RBT,RBT (Regional Basic Training) AGGFS,1,0,,,All Salary Job Titles,0
AGGFS - Regulated Medical Waste Packaging,Regulated Medical Waste Packaging,1,0,,,Select users,0
AGGFS - Scissor & Boom,Scissor & Boom Lift (AGGFS),1,0,,,scissor & boom operators,0
AGGFS - Scissor Liift,Scissor & Boom Certified (Scissor Lift),1,0,,,This Audience have Scissor & Boom Certified (Scissor Lift) Users only.,0
AGGFS - Statement of Confidentiality,Statement of Confidentiality,1,0,,,Employees exposed to employees' personal private information,0
AGGFS - Storm Water,Storm Water Management & Spill Prevention,1,0,,,This Audience have Storm Water Management & Spill Prevention Users only.,0
AGGFS - Storm Water Operator License,Storm Water Operator License,1,0,,,Individual users,0
AGGFS - Survey (EE Satisfaction / Culture),AGGFS Employee Satisfaction Survey,1,0,,,All AGGFS members,0
AGGFS - Welding Safety,Welding Safety,1,0,,,Employees who weld or oversee welding,0
AGGFS Location (Online),LMS Introduction for Managers (Online),1,0,,,Supervisors and above,0
AGGFS_BENEFITS_REHIRE,Intro to AGG Benefits Rehire (AGGFS),1,0,,,Intro to benefits rehire for AGGFS members.,0
AGGFS_REHIRES,Intro to AGG Orientation - Rehire Audience (AGGFS),1,0,,,Rehires that were inactive to equal to or greater to one year and require re-orientation.,0
AGGIMX - LMS Intro (ILT),LMS Introduction,1,0,,,All job titles except Assistant Managers and Managers,0
AGGIMX - LMS Intro (Online),LMS Introduction (Online),1,0,,,All IMX team members who have not completed LMS Introduction ILT.,0
AGGIMX Location,LMS Introduction for Managers,1,0,,,Assistant Managers____Managers____Vice President____President,0
AGGj_reporting_audience,AGGJ Reporting Audience,1,0,,,Reporting audience for AGGJ RBT tracking and custom reports.,0
AGGKY - 49 CFR DOT,49 CFR (DOT) Dangerous Goods,1,0,,,This Audience have 49 CFR (DOT) Dangerous Goods Users only.,0
AGGKY - Annual Safety Awareness Training,AGGKY Annual Safety Awareness Training,1,0,,,all AGGKY members,0
AGGKY - Antitrust Compliance Oath,Antitrust Compliance Oath,1,0,,,All salaried employees,0
AGGKY - Benefits Orientation,Intro to AGG - Benefits Orientation,1,0,,,New full-time direct hires,0
AGGKY - Benefits Orientation (REHIRE),Intro to AGG - Benefits Orientation (REHIRE),1,0,,,Rehires who were gone for 1 year or longer,0
AGGKY - Bribery Guidelines,Bribery Guidelines,1,0,,,AGM's____ GM's____ Sr GM's,0
AGGKY - Business Conduct Agreement,Business Conduct Agreement,1,0,,,All salaried employees,0
AGGKY - Electrical Safety,Electrical Safety,1,0,,,This Audience have Electrical Safety Users only.,0
AGGKY - Fire Extinguisher,Fire Extinguisher,1,0,,,This Audience have Fire Extinguisher Users only.,0
AGGKY - Intro to AGG,Intro to AGG - Orientation,1,0,,,All AGGKY new hires,0
AGGKY - Intro to AGG (REHIRE),Intro to AGG - Orientation (REHIRE),1,0,,,Rehires who were gone for 1 year or longer,0
AGGKY - Laser Safety,Laser Safety,1,0,,,This Audience have Laser Safety Users only.,0
AGGKY - Legal Compliance,AGG Legal Compliance Training,1,0,,,SPRVR's and above,0
AGGKY - LMS Intro for Managers,LMS Introduction for Managers (Online),1,0,,,Anyone who manages others,0
AGGKY - LMS Intro SPANISH,LMS Introduction - SPANISH,1,0,,,This Audience have LMS Introduction - SPANISH Users only.,0
AGGKY - LMS Introduction,LMS Introduction (Online),1,0,,,All AGGKY employees,0
AGGKY - Lockout Tagout,Lockout Tagout (Authorized),1,0,,,This Audience have Lockout Tagout (Authorized) Users only.,0
AGGKY - Phishing & Cybersecurity,Phishing & Cybersecurity Basics,1,0,,,All salaried employees,0
AGGKY - RBT,RBT (Regional Basic Training),1,0,,,All salaried employees,0
AGGKY - RCRA,RCRA Training,1,0,,,This Audience have RCRA Training Users only.,0
"AGGKY - Respirator Fit Test, PFT, Respiratory Protection","Respirator Fit Test, Pulmonary Function Test, Respiratory Protection e-Cour",1,0,,,EHS group and TM's who mix RFL (brake hose adhesive),0
AGGKY - Safety Dojo,AGGKY Annual Safety Dojo,1,0,,,This Audience have AGGKY Annual Safety Dojo Users only.,0
AGGKY - Statement of Confidentiality,Statement of Confidentiality,1,0,,,Employees exposed to employees' personal private information,0
AGGKY - Static Grounding,Static Grounding,1,0,,,Paint engineers____ Paint team members____ Paint supervisors,0
AGGKY - Storm Water,Storm Water Management & Spill Prevention,1,0,,,EHS____ Facility Management____ All Kaizen____ Production Supervisors____ Maintenance Supervisors____ Engineering Supervisors____ Receiving,0
AGGKY - Supervisor Guidelines,SCP Guidelines (KY),1,0,,,Supervisor Certification Program Participants,0
AGGKinto - 11 Commitments Full Course,AGG Kinto 11 Commitments (Full Course),1,0,,,Full 11 Commitments Course for AGG Kinto. Specific user audience.,0
AGGKinto - 11 Commitments Quiz,AGG Kinto 11 Commitments (Quiz Only),1,0,,,Quiz over the 11 Commitments Activity from AGGNA.,0
AGGKinto Covid Vaccine Survey,AGGKinto Covid Vaccine Survey,1,0,,,Full facility audience for the AGG Kinto Covid Vaccine Survey,0
AGGMO,Storm Water Management & Spill Prevention (AGGMO),1,0,,,"Dept. 5023____Dept. 5021____Dept. 5083 Dept. 8032____Maintenance I, II, III, IV, Maintenance Team Member, Jr",0
AGGMO - 49 CFR,49 CFR Dangerous Goods (Land),1,0,,,Employees who ship dangerous goods by land & sign shipping manifests,0
AGGMO - Antitrust Compliance Oath,Antitrust Compliance Oath,1,0,,,all salary Job titles,0
AGGMO - Benefits (REHIRE),Intro to AGG - Benefits Orientation (REHIRE),1,0,,,Rehire audience for benefits training at TMO facilities.,0
AGGMO - Benefits Orientation,Intro to AGG - Benefits Orientation,1,0,,,"All AGG full-time employees (does not include interns, part-time, and temp employees)",0
AGGMO - Benefits Orientation (new),Intro to AGG - Benefits Orientation (new),1,0,,,All AGG direct hires and conversions (excluding interns),0
AGGMO - Bribery Guidelines,Bribery Guidelines,1,0,,,Assistant General Managers____ General Managers____ Senior General Mangers,0
AGGMO - Business Conduct Agreement,Business Conduct Agreement,1,0,,,All salary employees,0
AGGMO - Filehold,Filehold Training,1,0,,,"IE division Leader Techs, Supervisors, Managers, GMs, Quality Engineers",0
AGGMO - Fire Extinguisher,Fire Extinguisher,1,0,,,"Emergency Response Team (MO)____Dept. 5040____ Dept. 5040I____ Dept. 5040M____ Dept. 5041____ Dept. 4506____ Dept. 4506X____ Dept. 6115____ Maintenance I, II, III, IV,V,VI, Maintenance Team Member, Jr",0
AGGMO - First Aid,First Aid Certification - AGGMO,1,0,,,"AGGMO Team Members that volunteer to be on First Aid Team and are First Aid Certified: Heartsaver First Aid CPR AED is a video-based, instructor-led course that teaches students critical skills needed to respond to and manage an emergency until emergency medical services arrives.",0
AGGMO - First Aid Instructor,First Aid Instructor Certification,1,0,,,Instructors for First Aid/CPR/AED training,0
AGGMO - Fluidized Bed Operator Training,Fluidized Bed Operator Training,1,0,,,Individuals at AGGMO who operate fluidized beds,0
AGGMO - Forklift,Forklift Certification (AGGMO),1,0,,,Individuals who require Forklift Certification,0
AGGMO - FORKLIFT_REHIRE_AUDIENCE,Forklift Rehire Audience (AGGMO),1,0,,,An audience to identify and reassign intro to AGG training to rehired team members after one year of absence.,0
AGGMO - Hazcom,Chemical Safety (Hazcom) - Hazard Communication,1,0,,,Dept. 6218,0
AGGMO - Hazmat Security Plan,AGGMO DOT Hazardous Materials Security Plan (E8.2.0.5),1,0,,,Dept. 8032____ Security Guards (pushed to them through the Guardhouse Requirements audience),0
AGGMO - Intro to AGG Orientation - Online,Intro to AGG - Online,1,0,,,all employees at AGGMO and AGGNAI,0
AGGMO - Intro to AGG Orientation - Online Rehire,Intro to AGG - Online Rehire,1,0,,,Rehire audience for AGG Intro Online.,0
AGGMO - Kiken Yochi Instructor,Kiken Yochi Instructor,1,0,,,This Audience have Kiken Yochi Instructor Users only.,0
AGGMO - Laser Safety,Laser Safety,1,0,,,Dept. 4514____ Dept. 4514X,0
AGGMO - Laser Safety Officer,Laser Safety Officer,1,0,,,Student Group,0
AGGMO - LIVE Fire,LIVE Fire Extinguisher Training,1,0,,,This Audience have LIVE Fire Extinguisher Training Users only.,0
AGGMO - Material Marking,Mold Material Marking Standard,1,0,,,This Audience have Mold Material Marking Standard Users only.,0
AGGMO - New Hire Physical,New Hire Physical,1,0,,,all new hires (direct & conversion),0
AGGMO - OHC,Overhead Crane Cert. (AGGMO),1,0,,,"Individuals who need to operate overhead cranes_____Mold Set Up Team Members____ Mold Engineer I, II, III",0
AGGMO - Orientation (ILT),Intro to AGG - Instructor Led,1,0,,,"all employees at AGGMS and AGGBTX___all Temps at AGGMO, AGGNAI, AGGMS, AGGBTX",0
AGGMO - Orientation REHIRE (ILT),Intro to AGG - Instructor Led Rehire,1,0,,,An audience to identify and reassign intro to AGG training to rehired team members after one year of absence.,0
AGGMO - Phishing & Cybersecurity,Phishing & Cybersecurity Basics,1,0,,,All salaried job titles,0
AGGMO - Poly Dojo,Poly Dojo,1,0,,,Audience for all Poly new hires,0
AGGMO - Ranken,Ranken Students,1,0,,,Ranken participants,0
AGGMO - RBT,RBT (Regional Basic Training),1,0,,,salaried employees,0
AGGMO - RCRA,RCRA Training,1,0,,,People who package and ship hazardous Waste,0
AGGMO - Scissor & Boom,Scissor & Boom Cert. (AGGMO),1,0,,,Individuals who require Scissor & Boom Certification.,0
AGGMO - Static Grounding 6 month recert,Static Grounding Standards (6 month recert),1,0,,,Maint. TM 1 & 2 in Dept. 6225,0
AGGMO - Static Grounding Standards,Static Grounding Standards,1,0,,,Paint departments____ Paint Engineers____ Manufacturing Engineering____ Specialized Maintenance____Injection Management____ Quality Control Department____ Maintenance Team Members,0
AGGMO Location,Lockout Tagout (Authorized),1,0,,,"Engineer (Electrical, Mechanical, Maintenance)____ Machine Engineer I, II, III____ Engineer Technician I, II, III____ Kaizen Shop Tech____ Maintenance Team Member I, II, III, IV, Maintenance Team Member, Jr",0
AGGMO Location (ILT),LMS Introduction for Managers (ILT),1,0,,,Supervisors and managers,0
AGGMO Location (Online),LMS Introduction for Managers (Online),1,0,,,Supervisors and managers,0
"AGGMO, AGGMS, AGGNAI",Storm Water Management E-Course,1,0,,,"Dept. 5023____ Dept. 5021____ Dept. 5040I____ Dept. 5040M____ Dept. 5083____ Dept. 8032____ Maintenance Team Members I, II, III, IV, Maintenance Team Member, Jr",0
AGGMO_Confined Space,Confined Space,1,0,,,"AGGMO [IE] Dept: 5040 (with job titles of Maintenance Team Members I,II,III,IV,V,VI; Supervisors, Managers)_____ AGGMO [SS] Dept: 6184, 6189, 6191, 6193, 6196, 6198 (with job titles of Maintenance Team Members I,II,III,IV,V,VI; Supervisors; Managers)_____ AGGNAI Dept: 5040I (with job titles of Maintenance Team Members I,II,III,IV; Supervisors; Managers)_____ AGGMS Dept: 5040M_____ (with job titles of Maintenance Team Members I,II,III,IV; Supervisors; Managers)",0
AGGMO_Social Media Policy Training,Social Media Policy Training,1,0,,,Audience for AGGMO Social Media Policy Training. All Assistant Managers and above.,0
AGGMS,Storm Water Management & Spill Prevention (AGGMS),1,0,,,This Audience have Storm Water Management & Spill Prevention (AGGMS) Users only.,0
AGGMS - Intro to AGG Orientation Online,Intro to AGG - Online (MS),1,0,,,Individual users,0
AGGNA - Antitrust Compliance Oath,Antitrust Compliance Oath,1,0,,,All salaried employees,0
AGGNA - Benefits Orientation,Intro to AGG - Benefits Orientation,1,0,,,New employees,0
AGGNA - Benefits Orientation (REHIRE),Intro to AGG - Benefits Orientation (REHIRE),1,0,,,Rehires who were gone for 1 year or longer,0
AGGNA - Bribery Guidelines,Bribery Guidelines,1,0,,,"AGM's, GM's, Sr GM's",0
AGGNA - Business Conduct Agreement,Business Conduct Agreement,1,0,,,All salaried employees,0
AGGNA - Engineer Training,AGGNA Engineer Training,1,0,,,Engineer I____ Engineer II____ Engineer III at AGGNA and RTC,0
AGGNA - First Aid,First Aid Certification,1,0,,,First Aid team members,0
AGGNA - Forklift Cert,Forklift Certification (AGGNA),1,0,,,Forklift operators at AGGNA and AGGRTC,0
AGGNA - Hazcom,Hazard Communication,1,0,,,Test Technician____ Sr. Test Technician____ Intern,0
AGGNA - Intro to AGG (REHIRE),Intro to AGG - Orientation (REHIRE),1,0,,,Rehires who were gone for 1 year or longer,0
AGGNA - Intro to AGG Orientation,Intro to AGG - Orientation,1,0,,,New employees,0
AGGNA - Legal Compliance,AGG Legal Compliance Training,1,0,,,SPVR's and above,0
AGGNA - LMS Introduction (Online),LMS Introduction (Online),1,0,,,"All employees at AGGNA, RTC, and PS Group",0
AGGNA - LMS Introduction for Managers (Online),LMS Introduction for Managers (Online),1,0,,,"AGGNA, RTC, and PS Group employees who have 1 or more direct reports",0
AGGNA - Net 6,Net 6 Training,1,0,,,This Audience have Net 6 Training Users only.,0
AGGNA - Phishing & Cybersecurity,Phishing and Cybersecurity Basics,1,0,,,All salaried employees & others who have company email addresses,0
AGGNA - RBT,RBT (Regional Basic Training,1,0,,,"Salaried employees at AGGNA, RTC, and PS Group",0
AGGNA - Statement of Confidentiality,Statement of Confidentiality,1,0,,,Employees exposed to employees' personal private information,0
AGGNAI,Storm Water Management & Spill Prevention (AGGNAI),1,0,,,"Dept. 5040I____ Maintenance I, II, III, IV",0
AGGNAI - Fluidized Bed Operator Training,Fluidized Bed Operator Training,1,0,,,Individuals at AGGNAI who operate fluidized beds,0
AGGTX,AGGTX non-salaried employees,1,0,,,non-salaried employees,0
AGGTX - Antitrust,Antitrust Compliance Oath,1,0,,,All Salaried at AGGTX,0
AGGTX - Benefits Orientation,Intro to AGG - Benefits Orientation,1,0,,,Direct hires at AGGTX who join on or after 6/20/22,0
AGGTX - Bribery Guidelines,Bribery Guidelines,1,0,,,"AGM, GM, SGM",0
AGGTX - Business Conduct,Business Conduct Agreement,1,0,,,All Salaried at AGGTX,0
AGGTX - Confined Space,Confined Space,1,0,,,maintenance___ facility maintenance____ technical engineers,0
AGGTX - Culture Survey,AGGTX Culture Survey,1,0,,,This Audience have AGGTX Culture Survey Users only.,0
AGGTX - Diversity Equity Inclusion,"Workplace Diversity, Equity, and Inclusion in Action",1,0,,,Asst. Manager and above,0
AGGTX - Fire Extinguisher,Fire Extinguisher,1,0,,,This Audience have Fire Extinguisher Users only.,0
AGGTX - Harassment Prevention for Managers,Global Workplace Harassment Prevention for Managers,1,0,,,Anyone in a leadership role at AGGTX,0
AGGTX - Intro to AGG,Intro to AGG - Orientation,1,0,,,Directs and temps at AGGTX location who join on or after 6/20/22,0
AGGTX - Legal Compliance,AGG Legal Compliance,1,0,,,Supervisors and above,0
AGGTX - LMS Intro for Managers,LMS Introduction for Managers (Online),1,0,,,Anyone who manages others,0
AGGTX - LMS Introduction,LMS Introduction (Online),1,0,,,All AGGTX employees,0
AGGTX - LOTO,Lockout Tagout (Authorized),1,0,,,This Audience have Lockout Tagout (Authorized) Users only.,0
AGGTX - Phishing & Cybersecurity,Phishing & Cybersecurity Basics,1,0,,,Salaried____ maintenance____ team leads,0
AGGTX - RBT,RBT (Regional Basic Training),1,0,,,all Salaried employees,0
AGGTX - SCP Group 1,SCP Group 1 - AGGTX,1,0,,,TPS & Safety 10/3/22 - 10/7/22,0
AGGTX - Skillsoft Percipio Leadership,Percipio Leadership Access,1,0,,,This Audience have Percipio Leadership Access Users only.,0
AGGTX - Statement of Confidentiality,Statement of Confidentiality,1,0,,,Salaried users at AGGTX,0
AGGTX - Supervisor Guidelines,SCP Guidelines (TX),1,0,,,Participants of the Supervisor Certification Program,0
AGGU - L & D Training Plan,L & D Training Plan,1,0,,,Learning & Development Specialists new to AGG,0
TX - Intro online,Intro to AGG - Online,1,0,,,This Audience have Intro to AGG - Online Users only.,0
TX - OJT Members,OJT Members (TX),1,0,,,This Audience have OJT Members (TX) Users only.,0
tx_reporting_audience,TX Reporting Audience,1,0,,,Reporting audience for TX domain.,0
Waste_Water_Permit_Control_Plan_(EWI_4.6.43),Waste Water Permit Control Plan (EWI 4.6.43),1,0,,,Student Group,0
Waste_Water_Treatment_Systems_(WWTS),Waste Water Treatment Systems (WWTS),1,0,,,Plating (operators),0
Waste_Water_Treatment_Systems_(WWTS)_Operator_Training,Waste Water Treatment Systems (WWTS) Operator Training,1,0,,,Employees who operate and maintain WWTS,0
Welding_Safety,Welding Safety,1,0,,,Fab shop____ TPS team members who weld,0
Welding_Safety,Welding Safety,1,0,,,Maintenance 3455____Maintenance 3355____Engineering 3450,0
Work_Instruction_Completion_Procedure,Work Instruction Completion Procedure,1,0,,,New Engineers,0
Workplace Diversity Equity Inclusion,Count for new job titles,1,0,,,This Audience have Count for new job titles Users only.,0
"Workplace_Diversity,_Equity_and_Inclusion_in_Action","Workplace Diversity, Equity and Inclusion in Action",1,0,,,"Audience for all Managers at AGG. Used to assign to all manager job titles at AGG companies. Workplace Diversity, Equity, and Inclusion in Action",0
