Event Description,Objectives,Default Language,Competency IDs,Skills,Available Languages,Training Contact,Created/Modified By,Allow Users to Attend Multiple Sessions,Allow Interest Tracking,Keywords,Provide cost of Event,Currency Code,Copy Availability to New Sessions,Availability to All Users,Penalty Number of Days prior to start,Credits,Limit Users To One Waitlist Per Event,Display Session Time In User Time,Ability To Select Session,Training Units,Default Training Unit Price,Thumbnail,Exclude from Course Recommendations,Training Purpose,Points,Badge,Emails,Event ID*,Event Name*,Active,Vendor/Provider*,Secondary Vendor/Provider,Subject IDs*,Allow waitlist for sessions*,Allow Auto-Management of Waitlist‡,Auto-Register User upon Granting Waitlist‡,Training Hours,Availability to Specific Users,Availability to OU‡*,Availability OU Type,Register Upon Approval,Pre-Approved,Include Subordinates,Registration Deadline,Registration Deadline - Before/After,Minimum Users,Maximum Users,Preferred Instructors,No-show Penalty – Monetary,No-show Penalty – Training Units,Restrict Withdraw from Session,Refund Type,Refund Percentage‡,Refund Amount‡,Refund Number of Days prior to start‡,Withdrawal Penalty Percentage,Withdrawal Penalty Amount
,,1,,,,,,TRUE,0,,0,,TRUE,,0,0,FALSE,FALSE,1,Conversion Rate by Monetary Value,0,,FALSE,,,,No Email,11th Annual Steel Markets North America Conference (vendor),11th Annual Steel Markets North America Conference,0,ILT Content,,1124,TRUE,Time based,TRUE,,,,,FALSE,FALSE,FALSE,0,Before,,,,0,0,FALSE,,0,0,0,0,0
,,1,,,,,,TRUE,0,,0,,TRUE,,0,0,FALSE,FALSE,1,Conversion Rate by Monetary Value,0,,FALSE,,,,No Email,2-Day APQP J PPAP 4th Edition Training (vendor),2-Day APQP J PPAP 4th Edition Training,0,ILT Content,,886,TRUE,Time based,TRUE,,,,,FALSE,FALSE,FALSE,0,Before,,,,0,0,FALSE,,0,0,0,0,0
,,1,,,,,,TRUE,0,,0,,TRUE,,0,0,FALSE,FALSE,1,Conversion Rate by Monetary Value,0,,FALSE,,,,No Email,"2-Day FMEA, SPC, J MSA Training (vendor)","2-Day FMEA, SPC, J MSA Training",0,ILT Content,,1133,TRUE,Time based,TRUE,,,,,FALSE,FALSE,FALSE,0,Before,,,,0,0,FALSE,,0,0,0,0,0
,,1,,,,,,TRUE,0,,0,,TRUE,,0,0,FALSE,FALSE,1,Conversion Rate by Monetary Value,0,,FALSE,,,,No Email,3D Vision Smart Cameras - COGNEX (vendor),3D Vision Smart Cameras - COGNEX,0,ILT Content,,1019,TRUE,Time based,TRUE,,,,,FALSE,FALSE,FALSE,0,Before,,,,0,0,FALSE,,0,0,0,0,0
,,1,,,,,,TRUE,0,,0,,TRUE,,0,0,FALSE,FALSE,1,Conversion Rate by Monetary Value,0,,FALSE,,,,No Email,7 Habits (MAC),The 7 Habits of Highly Effective People,0,ILT Content,,1029,TRUE,Time based,TRUE,,,,,FALSE,FALSE,FALSE,0,Before,,,,0,0,FALSE,,0,0,0,0,0
,,1,,,,,,TRUE,0,,0,,TRUE,,0,0,FALSE,FALSE,1,Conversion Rate by Monetary Value,0,,FALSE,,,,No Email,Accounting_Inventory,Inventory Count & Audit,0,ILT Content,,1122,TRUE,Time based,TRUE,,,,,FALSE,FALSE,FALSE,0,Before,,,,0,0,FALSE,,0,0,0,0,0
,,1,,,,,,TRUE,0,,0,,TRUE,,0,0,FALSE,FALSE,1,Conversion Rate by Monetary Value,0,,FALSE,,,,No Email,Adaptive Leadership (MAC),Adaptive Leadership Workshop,0,ILT Content,,1127,TRUE,Time based,TRUE,,,,,FALSE,FALSE,FALSE,0,Before,,,,0,0,FALSE,,0,0,0,0,0
This training covers any revisions to audit requirements since the previous update.,,1,,,,AGG.University@dummydata.com,,TRUE,0,,0,,TRUE,,0,0,FALSE,FALSE,1,Conversion Rate by Monetary Value,0,,FALSE,,,,No Email,Audit_Internal Auditor Training (to Review Revisions),Internal Auditor Training (to Review Revisions),1,ILT Content,,907,TRUE,Time based,TRUE,3600.0,,,,FALSE,FALSE,FALSE,0,Before,,,,0,0,FALSE,,0,0,0,0,0
,,1,,,,,,TRUE,0,,0,,TRUE,,0,0,FALSE,FALSE,1,Conversion Rate by Monetary Value,0,,FALSE,,,,No Email,Auditor Training (vendor),Transitioning to IATF 16949 Auditor Training 24-Hr Cert,1,ILT Content,,905,TRUE,Time based,TRUE,,,,,FALSE,FALSE,FALSE,0,Before,,,,0,0,FALSE,,0,0,0,0,0
,,1,,,,,,TRUE,0,,0,,TRUE,,0,0,FALSE,FALSE,1,Conversion Rate by Monetary Value,0,,FALSE,,,,No Email,BIOL-101-B1 (College Transcript),General Biology,0,ILT Content,,1028,TRUE,Time based,TRUE,,,,,FALSE,FALSE,FALSE,0,Before,,,,0,0,FALSE,,0,0,0,0,0
,,1,,,,,,TRUE,0,,0,,TRUE,,0,0,FALSE,FALSE,1,Conversion Rate by Monetary Value,0,,FALSE,,,,No Email,CAD110 (vendor),CAD110 SolidWorks Essentials,0,ILT Content,,893,TRUE,Time based,TRUE,,,,,FALSE,FALSE,FALSE,0,Before,,,,0,0,FALSE,,0,0,0,0,0
,,1,,,,,,TRUE,0,,0,,TRUE,,0,0,FALSE,FALSE,1,Conversion Rate by Monetary Value,0,,FALSE,,,,No Email,CAD110 Test (vendor),CAD110 SOLIDWORKS Essentials Competency Test,0,ILT Content,,1017,TRUE,Time based,TRUE,,,,,FALSE,FALSE,FALSE,0,Before,,,,0,0,FALSE,,0,0,0,0,0
,,1,,,,,,TRUE,0,,0,,TRUE,,0,0,FALSE,FALSE,1,Conversion Rate by Monetary Value,0,,FALSE,,,,No Email,CAD215 SOLIDWORKS Assembly Molding (vendor),CAD215 SOLIDWORKS Assembly Molding,0,ILT Content,,898,TRUE,Time based,TRUE,,,,,FALSE,FALSE,FALSE,0,Before,,,,0,0,FALSE,,0,0,0,0,0
,,1,,,,,,TRUE,0,,0,,TRUE,,0,0,FALSE,FALSE,1,Conversion Rate by Monetary Value,0,,FALSE,,,,No Email,Certified Die Casting Technician (vendor),Certified Die Casting Technician,0,ILT Content,,1016,TRUE,Time based,TRUE,,,,,FALSE,FALSE,FALSE,0,Before,,,,0,0,FALSE,,0,0,0,0,0
,,1,,,,,,TRUE,0,,0,,TRUE,,0,0,FALSE,FALSE,1,Conversion Rate by Monetary Value,0,,FALSE,,,,No Email,Cognex In-Sight (vendor),Cognex In-Sight EasyBuilder & Spreadsheet Standard,0,ILT Content,,1022,TRUE,Time based,TRUE,,,,,FALSE,FALSE,FALSE,0,Before,,,,0,0,FALSE,,0,0,0,0,0
,,1,,,,,,TRUE,0,,0,,TRUE,,0,0,FALSE,FALSE,1,Conversion Rate by Monetary Value,0,,FALSE,,,,No Email,Collaborative Robotics - Meet BAXTER - RE - THINK (vendor),Collaborative Robotics - Meet BAXTER - RE - THINK ROBOTICS,0,ILT Content,,1136,TRUE,Time based,TRUE,,,,,FALSE,FALSE,FALSE,0,Before,,,,0,0,FALSE,,0,0,0,0,0
"Instructor-led, hands-on training specific for safely extinguishing magnesium fires (1-year Recertification)",,1,,,,,,TRUE,0,,0,,TRUE,,0,0,FALSE,FALSE,1,Conversion Rate by Monetary Value,0,,FALSE,,,,No Email,Compliance_Fire Extinguisher (Cintas),Live Fire Extinguisher Training (Cintas),0,ILT Content,,913,TRUE,Time based,TRUE,,,,,FALSE,FALSE,FALSE,0,Before,,,,0,0,FALSE,,0,0,0,0,0
40-hour safety course for workers who are exposed to hazardous materials (No Recertification) This training complies with ISO standard 40 CSR 25-5 262.,,1,,,,,,TRUE,0,,0,,TRUE,,0,0,FALSE,FALSE,1,Conversion Rate by Monetary Value,0,,FALSE,,,,No Email,Compliance_Hazwoper 40,Hazwoper 40,1,ILT Content,,887,TRUE,Time based,TRUE,,,,,FALSE,FALSE,FALSE,0,Before,,,,0,0,FALSE,,0,0,0,0,0
Certification for safe transportation of dangerous goods by air (2-year Recertification),,1,,,,,,TRUE,0,,0,,TRUE,,0,0,FALSE,FALSE,1,Conversion Rate by Monetary Value,0,,FALSE,,,,No Email,Compliance_IATA Dangerous Goods Training,IATA Dangerous Goods Training,0,ILT Content,,899,TRUE,Time based,TRUE,,,,,FALSE,FALSE,FALSE,0,Before,,,,0,0,FALSE,,0,0,0,0,0
Certification for safe transportation of dangerous goods by sea (3-year Recertification),,1,,,,,,TRUE,0,,0,,TRUE,,0,0,FALSE,FALSE,1,Conversion Rate by Monetary Value,0,,FALSE,,,,No Email,Compliance_IMDG,IMDG Dangerous Goods Training,0,ILT Content,,901,TRUE,Time based,TRUE,,,,,FALSE,FALSE,FALSE,0,Before,,,,0,0,FALSE,,0,0,0,0,0
"Multi-Modal Certification for safe transportation of dangerous goods by land (49CFR), sea (IMDG), and air (IATA) (3-year Recertification for 49CFR and IMDG) (2-year Recertification for IATA)",,1,,,,,,TRUE,0,,0,,TRUE,,0,0,FALSE,FALSE,1,Conversion Rate by Monetary Value,0,,FALSE,,,,No Email,Compliance_Initial/Recurrent (vendor),"Initial/Recurrent IATA, 49 CFR & IMDG",0,ILT Content,,897,TRUE,Time based,TRUE,,,,,FALSE,FALSE,FALSE,0,Before,,,,0,0,FALSE,,0,0,0,0,0
Work safely with Chrome; follow Chrome Department procedures and policies to ensure your safety and the safety of others (No Recertification),,1,,,,,,TRUE,0,,0,,TRUE,,0,0,FALSE,FALSE,1,Conversion Rate by Monetary Value,0,,FALSE,,,,No Email,Compliance_Intro to Chrome,Intro to Chrome,0,ILT Content,,1138,TRUE,Time based,TRUE,,,,,FALSE,FALSE,FALSE,0,Before,,,,0,0,FALSE,,0,0,0,0,0
"Receive detailed information on policies and procedures in safety, TPS, and quality; understand your employee rights and responsibilities (No Recertification)",,1,,,,,,TRUE,0,,0,,TRUE,,0,0,FALSE,FALSE,1,Conversion Rate by Monetary Value,0,,FALSE,,,,No Email,Compliance_Intro to AGG,Intro to AGG,0,ILT Content,,1137,TRUE,Time based,TRUE,,,,,FALSE,FALSE,FALSE,0,Before,,,,0,0,FALSE,,0,0,0,0,0
"Introduces new employees to the benefits AGG provides to employees, which may include health insurances, retirement plans, medical leave rights, and more. This training complies with requirements set by AGG and governing agencies.",,1,,,,AGG.University@dummydata.com,,TRUE,0,,0,,TRUE,,0,0,FALSE,FALSE,1,Conversion Rate by Monetary Value,0,,FALSE,,,,No Email,Compliance_Intro to AGG - Benefits Orientation (IMX),Intro to AGG - Benefits Orientation (IMX),1,ILT Content,,1132,TRUE,Time based,TRUE,7200.0,,,,FALSE,FALSE,FALSE,0,Before,,,,0,0,FALSE,,0,0,0,0,0
"Introduces new employees to the benefits AGG provides to employees, which may include health insurances, retirement plans, medical leave rights, and more. This training complies with requirements set by AGG and governing agencies.",,1,,,,AGG.University@dummydata.com,,TRUE,0,,0,,TRUE,,0,0,FALSE,FALSE,1,Conversion Rate by Monetary Value,0,,FALSE,,,,No Email,Compliance_Intro to AGG - Benefits Orientation (MINTO),Intro to AGG - Benefits Orientation (MINTO) - HR will Assess Completion,1,ILT Content,,1131,TRUE,Time based,TRUE,7200.0,,,,FALSE,FALSE,FALSE,0,Before,,,,0,0,FALSE,,0,0,0,0,0
"Introduces new employees to the benefits AGG provides to employees, which may include health insurances, retirement plans, medical leave rights, and more. This training complies with requirements set by AGG and governing agencies.",,1,,,,AGG.University@dummydata.com,,TRUE,0,,0,,TRUE,,0,0,FALSE,FALSE,1,Conversion Rate by Monetary Value,0,,FALSE,,,,No Email,Compliance_Intro to AGG - Benefits Orientation (AGGASK),Intro to AGG - Benefits Orientation (AGGASK) - AGGU will Assess Completion,1,ILT Content,,915,TRUE,Time based,TRUE,7200.0,,,,FALSE,FALSE,FALSE,0,Before,,,,0,0,FALSE,,0,0,0,0,0
"Introduces new employees to the benefits AGG provides to employees, which may include health insurances, retirement plans, medical leave rights, and more. This training complies with requirements set by AGG and governing agencies.",,1,,,,AGG.University@dummydata.com,,TRUE,0,,0,,TRUE,,0,0,FALSE,FALSE,1,Conversion Rate by Monetary Value,0,,FALSE,,,,No Email,Compliance_Intro to AGG - Benefits Orientation (AGGFS),Intro to AGG - Benefits Orientation (AGGFS),1,ILT Content,,902,TRUE,Time based,TRUE,7200.0,,,,FALSE,FALSE,FALSE,0,Before,,,,0,0,FALSE,,0,0,0,0,0
"Introduces new employees to the benefits AGG provides to employees, which may include health insurances, retirement plans, medical leave rights, and more. This training complies with requirements set by AGG and governing agencies.",,1,,,,AGG.University@dummydata.com,,TRUE,0,,0,,TRUE,,0,0,FALSE,FALSE,1,Conversion Rate by Monetary Value,0,,FALSE,,,,No Email,Compliance_Intro to AGG - Benefits Orientation (AGGKY),Intro to AGG - Benefits Orientation (AGGKY),1,ILT Content,,1027,TRUE,Time based,TRUE,7200.0,,,,FALSE,FALSE,FALSE,0,Before,,,,0,0,FALSE,,0,0,0,0,0
"Introduces new employees to the benefits AGG provides to employees, which may include health insurances, retirement plans, medical leave rights, and more. This training complies with requirements set by AGG and governing agencies.",,1,,,,AGG.University@dummydata.com,,TRUE,0,,0,,TRUE,,0,0,FALSE,FALSE,1,Conversion Rate by Monetary Value,0,,FALSE,,,,No Email,Compliance_Intro to AGG - Benefits Orientation (AGGMO),Intro to AGG - Benefits Orientation (HR will Assess Completion),1,ILT Content,,910,TRUE,Time based,TRUE,7200.0,,,,FALSE,FALSE,FALSE,0,Before,,,,0,0,FALSE,,0,0,0,0,0
"Introduces new employees to the benefits AGG provides to employees, which may include health insurances, retirement plans, medical leave rights, and more. This training complies with requirements set by AGG and governing agencies.",,1,,,,AGG.University@dummydata.com,,TRUE,0,,0,,TRUE,,0,0,FALSE,FALSE,1,Conversion Rate by Monetary Value,0,,FALSE,,,,No Email,Compliance_Intro to AGG - Benefits Orientation (AGGNA),Intro to AGG - Benefits Orientation (AGGNA),1,ILT Content,,1031,TRUE,Time based,TRUE,7200.0,,,,FALSE,FALSE,FALSE,0,Before,,,,0,0,FALSE,,0,0,0,0,0
"Introduces new employees to the benefits AGG provides to employees, which may include health insurances, retirement plans, medical leave rights, and more. This training complies with requirements set by AGG and governing agencies.",,1,,,,AGG.University@dummydata.com,,TRUE,0,,0,,TRUE,,0,0,FALSE,FALSE,1,Conversion Rate by Monetary Value,0,,FALSE,,,,No Email,Compliance_Intro to AGG - Benefits Orientation (AGGTX),Intro to AGG - Benefits Orientation (AGGTX) - AGGU will Assess Completion,1,ILT Content,,1120,TRUE,Time based,TRUE,7200.0,,,,FALSE,FALSE,FALSE,0,Before,,,,0,0,FALSE,,0,0,0,0,0
Introduces new employees to AGG's HR-related policies and procedures. This training complies with requirements set by AGG and governing authorities.,,1,,,,AGG.University@dummydata.com,,TRUE,0,,0,,TRUE,,0,0,FALSE,FALSE,1,Conversion Rate by Monetary Value,0,,FALSE,,,,No Email,Compliance_Intro to AGG - HR Orientation (AGGMO-NAI),Intro to AGG - HR Orientation (HR will Assess Completion),1,ILT Content,,890,TRUE,Time based,TRUE,5400.0,,,,FALSE,FALSE,FALSE,0,Before,,,,0,0,FALSE,,0,0,0,0,0
"Introduces new employees to AGG's policies, procedures, and philosophies, as well as environmental and safety policies and procedures. This training complies with requirements set by AGG, local, and governing authorities.",,1,,,,AGG.University@dummydata.com,,TRUE,0,,0,,TRUE,,0,0,FALSE,FALSE,1,Conversion Rate by Monetary Value,0,,FALSE,,,,No Email,Compliance_Intro to AGG - Orientation (IMX),Intro to AGG - Orientation (IMX),1,ILT Content,,908,TRUE,Time based,TRUE,14400.0,,,,FALSE,FALSE,FALSE,0,Before,,,,0,0,FALSE,,0,0,0,0,0
"Introduces new employees to AGG's policies, procedures, and philosophies, as well as environmental and safety policies and procedures. This training complies with requirements set by AGG, local, and governing authorities.",,1,,,,AGG.University@dummydata.com,,TRUE,0,,0,,TRUE,,0,0,FALSE,FALSE,1,Conversion Rate by Monetary Value,0,,FALSE,,,,No Email,Compliance_Intro to AGG - Orientation (MINTO),Intro to AGG - Orientation (MINTO) - HR will Assess Completion,1,ILT Content,,889,TRUE,Time based,TRUE,14400.0,,,,FALSE,FALSE,FALSE,0,Before,,,,0,0,FALSE,,0,0,0,0,0
"Introduces new employees to AGG's policies, procedures, and philosophies, as well as environmental and safety policies and procedures. This training complies with requirements set by AGG, local, and governing authorities.",,1,,,,AGG.University@dummydata.com,,TRUE,0,,0,,TRUE,,0,0,FALSE,FALSE,1,Conversion Rate by Monetary Value,0,,FALSE,,,,No Email,Compliance_Intro to AGG - Orientation (AGGASK),Intro to AGG - Orientation (AGGASK) - AGGU will Assess Completion,1,ILT Content,,1181,TRUE,Time based,TRUE,14400.0,,,,FALSE,FALSE,FALSE,0,Before,,,,0,0,FALSE,,0,0,0,0,0
"Introduces new employees to AGG's policies, procedures, and philosophies, as well as environmental and safety policies and procedures. This training complies with requirements set by AGG, local, and governing authorities.",,1,,,,AGG.University@dummydata.com,,TRUE,0,,0,,TRUE,,0,0,FALSE,FALSE,1,Conversion Rate by Monetary Value,0,,FALSE,,,,No Email,Compliance_Intro to AGG - Orientation (AGGFS),Intro to AGG - Orientation (AGGFS),1,ILT Content,,903,TRUE,Time based,TRUE,14400.0,,,,FALSE,FALSE,FALSE,0,Before,,,,0,0,FALSE,,0,0,0,0,0
"Introduces new employees to AGG's policies, procedures, and philosophies, as well as environmental and safety policies and procedures. This training complies with requirements set by AGG, local, and governing authorities.",,1,,,,AGG.University@dummydata.com,,TRUE,0,,0,,TRUE,,0,0,FALSE,FALSE,1,Conversion Rate by Monetary Value,0,,FALSE,,,,No Email,Compliance_Intro to AGG - Orientation (AGGKY),Intro to AGG - Orientation (AGGKY),1,ILT Content,,911,TRUE,Time based,TRUE,14400.0,,,,FALSE,FALSE,FALSE,0,Before,,,,0,0,FALSE,,0,0,0,0,0
"Introduces new employees to AGG's policies, procedures, and philosophies, as well as environmental and safety policies and procedures. This training complies with requirements set by AGG, local, and governing authorities.",,1,,,,AGG.University@dummydata.com,,TRUE,0,,0,,TRUE,,0,0,FALSE,FALSE,1,Conversion Rate by Monetary Value,0,,FALSE,,,,No Email,Compliance_Intro to AGG - Orientation (AGGNA),Intro to AGG - Orientation (AGGNA),1,ILT Content,,1030,TRUE,Time based,TRUE,14400.0,,,,FALSE,FALSE,FALSE,0,Before,,,,0,0,FALSE,,0,0,0,0,0
"Introduces new employees to AGG's policies, procedures, and philosophies, as well as environmental and safety policies and procedures. This training complies with requirements set by AGG, local, and governing authorities.",,1,,,,AGG.University@dummydata.com,,TRUE,0,,0,,TRUE,,0,0,FALSE,FALSE,1,Conversion Rate by Monetary Value,0,,FALSE,,,,No Email,Compliance_Intro to AGG - Orientation (AGGTX),Intro to AGG - Orientation (AGGTX) - AGGU will Assess Completion,1,ILT Content,,904,TRUE,Time based,TRUE,14400.0,,,,FALSE,FALSE,FALSE,0,Before,,,,0,0,FALSE,,0,0,0,0,0
"Receive detailed information on your eligible AGG benefits, including medical insurances and retirement (No Recertification)",,1,,,,,,TRUE,0,,0,,TRUE,,0,0,FALSE,FALSE,1,Conversion Rate by Monetary Value,0,,FALSE,,,,No Email,Compliance_Intro to AGG Benefits,Intro to AGG Benefits,0,ILT Content,,1135,TRUE,Time based,TRUE,,,,,FALSE,FALSE,FALSE,0,Before,,,,0,0,FALSE,,0,0,0,0,0
"Know your role and responsibilities, as a leader at Toyoda Gosei, to uphold rules and policies related to corporate and social responsibility, compliance, and third-party involvement (Annual Recertification) This training complies with AGGNA standards.",,1,,,,AGG.University@dummydata.com,,TRUE,0,,0,,TRUE,,0,0,FALSE,FALSE,1,Conversion Rate by Monetary Value,0,,FALSE,,,,No Email,Compliance_Legal Compliance (2020),Legal Compliance Training (2020),0,ILT Content,,1126,TRUE,Time based,TRUE,5400.0,,,,FALSE,FALSE,FALSE,0,Before,,,NA900569,0,0,FALSE,,0,0,0,0,0
" The Safety Dept will schedule this live fire extinguisher training, and will notify you of the dates and times. In this training, attendees will learn how to properly extinguish class A, B, and C fires.",,1,,,,AGG.University@dummydata.com,,TRUE,1,,0,,TRUE,,0,0,FALSE,FALSE,1,Conversion Rate by Monetary Value,0,,FALSE,,,,No Email,Compliance_Live Fire Extinguisher Training,Live Fire Extinguisher Training (Safety Dept will Schedule Date & Time),0,ILT Content,,1020,TRUE,Time based,TRUE,3600.0,,,,FALSE,FALSE,FALSE,0,Before,,,,0,0,FALSE,,0,0,0,0,0
"The Safety Dept will schedule this live fire extinguisher training, and will notify you of the dates and times. In this training, attendees will learn how to properly extinguish class A, B, and C fires.",,1,,,,AGG.University@dummydata.com,,TRUE,1,,0,,TRUE,,0,0,FALSE,FALSE,1,Conversion Rate by Monetary Value,0,,FALSE,,,,No Email,Compliance_LIVE Fire Extinguisher Training_MO,LIVE Fire Extinguisher Training (Safety Department will Schedule Date & Time),1,ILT Content,,1121,TRUE,Time based,TRUE,3600.0,,,,FALSE,FALSE,FALSE,0,Before,,,,0,0,FALSE,,0,0,0,0,0
"The Safety Dept will schedule this live fire extinguisher training, and will notify you of the dates and times. In this training, attendees will learn how to properly extinguish class A, B, and C fires.",,1,,,,AGG.University@dummydata.com,,TRUE,1,,0,,TRUE,,0,0,FALSE,FALSE,1,Conversion Rate by Monetary Value,0,,FALSE,,,,No Email,Compliance_LIVE Fire Extinguisher Training_SP,LIVE Fire Extinguisher Training (Safety Department will Schedule Date & Time),1,ILT Content,,1025,TRUE,Time based,TRUE,3600.0,,,,FALSE,FALSE,FALSE,0,Before,,,,0,0,FALSE,,0,0,0,0,0
Evaluation of your ability to properly and safely operate an overhead crane (No Recertification; Remediation if needed),,1,,,,,,TRUE,0,,0,,TRUE,,0,0,FALSE,FALSE,1,Conversion Rate by Monetary Value,0,,FALSE,,,,No Email,Compliance_Overhead Crane Operating Skills Test,Overhead Crane Operating Skills Test,0,ILT Content,,1134,TRUE,Time based,TRUE,,,,,FALSE,FALSE,FALSE,0,Before,,,,0,0,FALSE,,0,0,0,0,0
Certifies forklift operators to safely fill propane tanks on propane forklifts (3-yr Recertification) This training complies with OSHA standard 1910.178.,,1,,,,AGG.University@dummydata.com,,TRUE,1,,0,,TRUE,,0,0,FALSE,FALSE,1,Conversion Rate by Monetary Value,0,,FALSE,,,,No Email,Compliance_Propane Fill Certification,Propane Fill Certification,0,ILT Content,,1026,TRUE,Time based,TRUE,14400.0,,,,FALSE,FALSE,FALSE,0,Before,,,,0,0,FALSE,,0,0,0,0,0
Evaluation of your ability to properly and safely operate a Scissor & Boom Lift (No Recertification; Remediation if needed),,1,,,,,,TRUE,0,,0,,TRUE,,0,0,FALSE,FALSE,1,Conversion Rate by Monetary Value,0,,FALSE,,,,No Email,Compliance_Scissor & Boom Operating Skills Test,Scissor & Boom Operating Skills Test,0,ILT Content,,909,TRUE,Time based,TRUE,,,,,FALSE,FALSE,FALSE,0,Before,,,,0,0,FALSE,,0,0,0,0,0
"Know your role and responsibilities, as a leader at Toyoda Gosei, to uphold rules and policies related to corporate and social responsibility, compliance, and third-party involvement (Annual Recertification) This training complies with AGGNA requirements.",,1,,,,AGG.University@dummydata.com,,TRUE,0,,0,,TRUE,,0,0,FALSE,FALSE,1,Conversion Rate by Monetary Value,0,,FALSE,,,,No Email,Compliance_AGG Legal Compliance Training (ILT),AGG Legal Compliance Training (ILT),1,ILT Content,,891,TRUE,Time based,TRUE,,,,,FALSE,FALSE,FALSE,0,Before,,,,0,0,FALSE,,0,0,0,0,0
,,1,,,,,,TRUE,0,,0,,TRUE,,0,0,FALSE,FALSE,1,Conversion Rate by Monetary Value,0,,FALSE,,,,No Email,"Computer & Software_Access 2010, Part 1",Microsoft Access 2010 Part 1,0,ILT Content,,900,TRUE,Time based,TRUE,,,,,FALSE,FALSE,FALSE,0,Before,,,,0,0,FALSE,,0,0,0,0,0
,,1,,,,,,TRUE,0,,0,,TRUE,,0,0,FALSE,FALSE,1,Conversion Rate by Monetary Value,0,,FALSE,,,,No Email,"Computer & Software_Access 2010, Part 2",Microsoft Access 2010 Part 2,0,ILT Content,,1024,TRUE,Time based,TRUE,,,,,FALSE,FALSE,FALSE,0,Before,,,,0,0,FALSE,,0,0,0,0,0
,,1,,,,,,TRUE,0,,0,,TRUE,,0,0,FALSE,FALSE,1,Conversion Rate by Monetary Value,0,,FALSE,,,,No Email,Computer & Software_aPriori (vendor),aPriori,0,ILT Content,,888,TRUE,Time based,TRUE,,,,,FALSE,FALSE,FALSE,0,Before,,,,0,0,FALSE,,0,0,0,0,0
,,1,,,,,,TRUE,0,,0,,TRUE,,0,0,FALSE,FALSE,1,Conversion Rate by Monetary Value,0,,FALSE,,,,No Email,Computer & Software_Excel (Chart & Graphs) (vendor),Excel - Charts & Graphs,0,ILT Content,,1130,TRUE,Time based,TRUE,,,,,FALSE,FALSE,FALSE,0,Before,,,,0,0,FALSE,,0,0,0,0,0
,,1,,,,,,TRUE,0,,0,,TRUE,,0,0,FALSE,FALSE,1,Conversion Rate by Monetary Value,0,,FALSE,,,,No Email,Computer & Software_Excel Basics (vendor),Microsoft Excel Basics,0,ILT Content,,1018,TRUE,Time based,TRUE,,,,,FALSE,FALSE,FALSE,0,Before,,,,0,0,FALSE,,0,0,0,0,0
,,1,,,,,,TRUE,0,,0,,TRUE,,0,0,FALSE,FALSE,1,Conversion Rate by Monetary Value,0,,FALSE,,,,No Email,Computer & Software_Excel Formatting (vendor),Microsoft Excel Formatting,0,ILT Content,,1021,TRUE,Time based,TRUE,,,,,FALSE,FALSE,FALSE,0,Before,,,,0,0,FALSE,,0,0,0,0,0
,,1,,,,,,TRUE,0,,0,,TRUE,,0,0,FALSE,FALSE,1,Conversion Rate by Monetary Value,0,,FALSE,,,,No Email,Computer & Software_Excel Formulas (vendor),Microsoft Excel Formulas,0,ILT Content,,912,TRUE,Time based,TRUE,,,,,FALSE,FALSE,FALSE,0,Before,,,,0,0,FALSE,,0,0,0,0,0
,,1,,,,,,TRUE,0,,0,,TRUE,,0,0,FALSE,FALSE,1,Conversion Rate by Monetary Value,0,,FALSE,,,,No Email,Computer & Software_Excel Graphing (vendor),Microsoft Excel Graphing,0,ILT Content,,1024,TRUE,Time based,TRUE,,,,,FALSE,FALSE,FALSE,0,Before,,,,0,0,FALSE,,0,0,0,0,0
,,1,,,,,,TRUE,0,,0,,TRUE,,0,0,FALSE,FALSE,1,Conversion Rate by Monetary Value,0,,FALSE,,,,No Email,Computer & Software_JDE,JDE,1,ILT Content,,1023,TRUE,Time based,TRUE,,,,,FALSE,FALSE,FALSE,0,Before,,,,0,0,FALSE,,0,0,0,0,0
,,1,,,,,,TRUE,0,,0,,TRUE,,0,0,FALSE,FALSE,1,Conversion Rate by Monetary Value,0,,FALSE,,,,No Email,Computer & Software_Microsoft Outlook,Microsoft Outlook,1,ILT Content,,916,TRUE,Time based,TRUE,,,,,FALSE,FALSE,FALSE,0,Before,,,,0,0,FALSE,,0,0,0,0,0
,,1,,,,,,TRUE,0,,0,,TRUE,,0,0,FALSE,FALSE,1,Conversion Rate by Monetary Value,0,,FALSE,,,,No Email,"Computer & Software_Project 2010, Level 1 (vendor)",Microsoft Project 2010 Level 1,0,ILT Content,,1119,TRUE,Time based,TRUE,,,,,FALSE,FALSE,FALSE,0,Before,,,,0,0,FALSE,,0,0,0,0,0
,,1,,,,,,TRUE,0,,0,,TRUE,,0,0,FALSE,FALSE,1,Conversion Rate by Monetary Value,0,,FALSE,,,,No Email,"Computer & Software_Project 2010, Level 2 (vendor)",Microsoft Project 2010 Level 2,0,ILT Content,,1123,TRUE,Time based,TRUE,,,,,FALSE,FALSE,FALSE,0,Before,,,,0,0,FALSE,,0,0,0,0,0
,,1,,,,,,TRUE,0,,0,,TRUE,,0,0,FALSE,FALSE,1,Conversion Rate by Monetary Value,0,,FALSE,,,,No Email,Computer & Software_Shop Floor Data Entry,Shop Floor Data Entry,1,ILT Content,,1129,TRUE,Time based,TRUE,,,,,FALSE,FALSE,FALSE,0,Before,,,,0,0,FALSE,,0,0,0,0,0
 Acquire a basic understanding of operations in Microsoft Excel.,,1,,,,,,TRUE,1,,0,,TRUE,,0,0,FALSE,FALSE,1,Conversion Rate by Monetary Value,0,,FALSE,,,,No Email,Computer Skills_Excel Basic,Excel Basic 10-Hour Certification,1,ILT Content,,914,TRUE,Time based,TRUE,,,,,FALSE,FALSE,FALSE,0,Before,,,,0,0,FALSE,,0,0,0,0,0
" Acquire an intermediate understanding of operations using Microsoft Excel in order to manipulate data in order to gain information. (Sort, custom filter, creating graphs, pivot tables, IF functions, and much more!)",,1,,,,,,TRUE,1,,0,,TRUE,,0,0,FALSE,FALSE,1,Conversion Rate by Monetary Value,0,,FALSE,,,,No Email,Computer Skills_Excel Intermediate,Excel Intermediate 10-Hour Certification,1,ILT Content,,1128,TRUE,Time based,TRUE,,,,,FALSE,FALSE,FALSE,0,Before,,,,0,0,FALSE,,0,0,0,0,0
,,1,,,,,,TRUE,0,,0,,TRUE,,0,0,FALSE,FALSE,1,Conversion Rate by Monetary Value,0,,FALSE,,,,No Email,Computer_ Filehold Leadership Core (AGGU),FileHold - Level II,0,ILT Content,,906,TRUE,Time based,TRUE,,,,,FALSE,FALSE,FALSE,0,Before,,,,0,0,FALSE,,0,0,0,0,0
,,1,,,,,,TRUE,0,,0,,TRUE,,0,0,FALSE,FALSE,1,Conversion Rate by Monetary Value,0,,FALSE,,,,No Email,Computer_ADP (eTime dept tracking),ADP (eTime dept tracking),1,ILT Content,,1125,TRUE,Time based,TRUE,,,,,FALSE,FALSE,FALSE,0,Before,,,,0,0,FALSE,,0,0,0,0,0
,,1,,,,,,TRUE,0,,0,,TRUE,,0,0,FALSE,FALSE,1,Conversion Rate by Monetary Value,0,,FALSE,,,,No Email,Computer_Document Control / Filehold (SCP),Document Control / Filehold (SCP),1,ILT Content,,892,TRUE,Time based,TRUE,3600.0,,,,FALSE,FALSE,FALSE,0,Before,,,,0,0,FALSE,,0,0,0,0,0
,,1,,,,,,TRUE,0,,0,,TRUE,,0,0,FALSE,FALSE,1,Conversion Rate by Monetary Value,0,,FALSE,,,,No Email,Computer_eTime / Payroll (SCP),eTime / Payroll (SCP),1,ILT Content,,1124,TRUE,Time based,TRUE,3600.0,,,,FALSE,FALSE,FALSE,0,Before,,,,0,0,FALSE,,0,0,0,0,0
,,1,,,,,,TRUE,0,,0,,TRUE,,0,0,FALSE,FALSE,1,Conversion Rate by Monetary Value,0,,FALSE,,,,No Email,Computer_FileHold,FileHold,1,ILT Content,,886,TRUE,Time based,TRUE,,,,,FALSE,FALSE,FALSE,0,Before,,,,0,0,FALSE,,0,0,0,0,0
,,1,,,,,,TRUE,0,,0,,TRUE,,0,0,FALSE,FALSE,1,Conversion Rate by Monetary Value,0,,FALSE,,,,No Email,Computer_JDE (SCP),JDE (SCP),1,ILT Content,,1133,TRUE,Time based,TRUE,3600.0,,,,FALSE,FALSE,FALSE,0,Before,,,,0,0,FALSE,,0,0,0,0,0
,,1,,,,,,TRUE,0,,0,,TRUE,,0,0,FALSE,FALSE,1,Conversion Rate by Monetary Value,0,,FALSE,,,,No Email,Computer_Microsoft Excel - Basic (SCP),Microsoft Excel - Basic (SCP),1,ILT Content,,1019,TRUE,Time based,TRUE,5400.0,,,,FALSE,FALSE,FALSE,0,Before,,,,0,0,FALSE,,0,0,0,0,0
,,1,,,,,,TRUE,0,,0,,TRUE,,0,0,FALSE,FALSE,1,Conversion Rate by Monetary Value,0,,FALSE,,,,No Email,Computer_Microsoft Excel - Intermediate (SCP),Microsoft Excel - Intermediate (SCP),1,ILT Content,,1029,TRUE,Time based,TRUE,5400.0,,,,FALSE,FALSE,FALSE,0,Before,,,,0,0,FALSE,,0,0,0,0,0
,,1,,,,,,TRUE,0,,0,,TRUE,,0,0,FALSE,FALSE,1,Conversion Rate by Monetary Value,0,,FALSE,,,,No Email,Computer_Microsoft Outlook (SCP),Microsoft Outlook (SCP),1,ILT Content,,1122,TRUE,Time based,TRUE,3600.0,,,,FALSE,FALSE,FALSE,0,Before,,,,0,0,FALSE,,0,0,0,0,0
,,1,,,,,,TRUE,0,,0,,TRUE,,0,0,FALSE,FALSE,1,Conversion Rate by Monetary Value,0,,FALSE,,,,No Email,Computer_Microsoft PowerPoint (SCP),Microsoft PowerPoint (SCP),1,ILT Content,,1127,TRUE,Time based,TRUE,2700.0,,,,FALSE,FALSE,FALSE,0,Before,,,,0,0,FALSE,,0,0,0,0,0
,,1,,,,,,TRUE,0,,0,,TRUE,,0,0,FALSE,FALSE,1,Conversion Rate by Monetary Value,0,,FALSE,,,,No Email,Computer_Microsoft Teams (SCP),Microsoft Teams (SCP),1,ILT Content,,907,TRUE,Time based,TRUE,3600.0,,,,FALSE,FALSE,FALSE,0,Before,,,,0,0,FALSE,,0,0,0,0,0
,,1,,,,,,TRUE,0,,0,,TRUE,,0,0,FALSE,FALSE,1,Conversion Rate by Monetary Value,0,,FALSE,,,,No Email,Construction Technology (vendor),1000 Hours Training Construction Technology,0,ILT Content,,905,TRUE,Time based,TRUE,,,,,FALSE,FALSE,FALSE,0,Before,,,,0,0,FALSE,,0,0,0,0,0
 This training complies with AGG standards.,,1,,,,AGG.University@dummydata.com,,TRUE,0,,0,,TRUE,,0,0,FALSE,FALSE,1,Conversion Rate by Monetary Value,0,,FALSE,,,,No Email,Core_ Core Operator Training (AGGU),Core Operator Training,1,ILT Content,,1028,TRUE,Time based,TRUE,,,,,FALSE,FALSE,FALSE,0,Before,,,,0,0,FALSE,,0,0,0,0,0
,,1,,,,,,TRUE,0,,0,,TRUE,,0,0,FALSE,FALSE,1,Conversion Rate by Monetary Value,0,,FALSE,,,,No Email,Core_Ashram (AGGU),Ashram Training,0,ILT Content,,893,TRUE,Time based,TRUE,,,,,FALSE,FALSE,FALSE,0,Before,,,,0,0,FALSE,,0,0,0,0,0
,,1,,,,,,TRUE,0,,0,,TRUE,,0,0,FALSE,FALSE,1,Conversion Rate by Monetary Value,0,,FALSE,,,,No Email,Dimensional Repeatability (vendor),Dimensional Repeatability,0,ILT Content,,1017,TRUE,Time based,TRUE,,,,,FALSE,FALSE,FALSE,0,Before,,,,0,0,FALSE,,0,0,0,0,0
,,1,,,,,,TRUE,0,,0,,TRUE,,0,0,FALSE,FALSE,1,Conversion Rate by Monetary Value,0,,FALSE,,,,No Email,EE1600 (College Transcript),Practical Electronics II,0,ILT Content,,898,TRUE,Time based,TRUE,,,,,FALSE,FALSE,FALSE,0,Before,,,,0,0,FALSE,,0,0,0,0,0
,,1,,,,,,TRUE,0,,0,,TRUE,,0,0,FALSE,FALSE,1,Conversion Rate by Monetary Value,0,,FALSE,,,,No Email,EEE 1500 (College Transcript),Basic Electronics,0,ILT Content,,1016,TRUE,Time based,TRUE,,,,,FALSE,FALSE,FALSE,0,Before,,,,0,0,FALSE,,0,0,0,0,0
,,1,,,,,,TRUE,0,,0,,TRUE,,0,0,FALSE,FALSE,1,Conversion Rate by Monetary Value,0,,FALSE,,,,No Email,EEE 1550 (College Transcript),Electrical Systems,0,ILT Content,,1022,TRUE,Time based,TRUE,,,,,FALSE,FALSE,FALSE,0,Before,,,,0,0,FALSE,,0,0,0,0,0
,,1,,,,,,TRUE,0,,0,,TRUE,,0,0,FALSE,FALSE,1,Conversion Rate by Monetary Value,0,,FALSE,,,,No Email,EEE 1580 (College Transcript),Practical Electronics I,0,ILT Content,,1136,TRUE,Time based,TRUE,,,,,FALSE,FALSE,FALSE,0,Before,,,,0,0,FALSE,,0,0,0,0,0
,,1,,,,,,TRUE,0,,0,,TRUE,,0,0,FALSE,FALSE,1,Conversion Rate by Monetary Value,0,,FALSE,,,,No Email,EEE 2000 (College Transcript),Solid State Electronics,0,ILT Content,,913,TRUE,Time based,TRUE,,,,,FALSE,FALSE,FALSE,0,Before,,,,0,0,FALSE,,0,0,0,0,0
,,1,,,,,,TRUE,0,,0,,TRUE,,0,0,FALSE,FALSE,1,Conversion Rate by Monetary Value,0,,FALSE,,,,No Email,EEE1710 (College Transcripts),National Electrical Code,0,ILT Content,,887,TRUE,Time based,TRUE,,,,,FALSE,FALSE,FALSE,0,Before,,,,0,0,FALSE,,0,0,0,0,0
,,1,,,,,,TRUE,0,,0,,TRUE,,0,0,FALSE,FALSE,1,Conversion Rate by Monetary Value,0,,FALSE,,,,No Email,Electrical Lab Level 1,Electrical Lab - Level 1,1,ILT Content,,899,TRUE,Time based,TRUE,,,,,FALSE,FALSE,FALSE,0,Before,,,,0,0,FALSE,,0,0,0,0,0
,,1,,,,,,TRUE,0,,0,,TRUE,,0,0,FALSE,FALSE,1,Conversion Rate by Monetary Value,0,,FALSE,,,,No Email,EMT (vendor),Emergency Medical Technician,0,ILT Content,,901,TRUE,Time based,TRUE,,,,,FALSE,FALSE,FALSE,0,Before,,,,0,0,FALSE,,0,0,0,0,0
,,1,,,,,,TRUE,0,,0,,TRUE,,0,0,FALSE,FALSE,1,Conversion Rate by Monetary Value,0,,FALSE,,,,No Email,Essentials & Coaching (MAC),"Essentials of Leadership, Coaching for Success, Coaching for Improvement, Managing Performance Problems, and Resolving Conflict",0,ILT Content,,897,TRUE,Time based,TRUE,,,,,FALSE,FALSE,FALSE,0,Before,,,,0,0,FALSE,,0,0,0,0,0
,,1,,,,,,TRUE,0,,0,,TRUE,,0,0,FALSE,FALSE,1,Conversion Rate by Monetary Value,0,,FALSE,,,,No Email,Fanuc (vendor),SpotTool Operation and Programming with Servo Gun,0,ILT Content,,1138,TRUE,Time based,TRUE,,,,,FALSE,FALSE,FALSE,0,Before,,,,0,0,FALSE,,0,0,0,0,0
,,1,,,,,,TRUE,0,,0,,TRUE,,0,0,FALSE,FALSE,1,Conversion Rate by Monetary Value,0,,FALSE,,,,No Email,FANUC Robots Level 1,FANUC Robots - Level 1,1,ILT Content,,1137,TRUE,Time based,TRUE,,,,,FALSE,FALSE,FALSE,0,Before,,,,0,0,FALSE,,0,0,0,0,0
,,1,,,,,,TRUE,0,,0,,TRUE,,0,0,FALSE,FALSE,1,Conversion Rate by Monetary Value,0,,FALSE,,,,No Email,GNST-100-B70DL (College Transcript),Foundations Student,0,ILT Content,,1132,TRUE,Time based,TRUE,,,,,FALSE,FALSE,FALSE,0,Before,,,,0,0,FALSE,,0,0,0,0,0
Acquire a basic understanding of operations in Microsoft Excel (GUEST).,,1,,,,,,TRUE,1,,0,,TRUE,,0,0,FALSE,FALSE,1,Conversion Rate by Monetary Value,0,,FALSE,,,,No Email,guest_computer skills_basic,Excel Basic 10 Hour Certification (GUEST),1,ILT Content,,1131,TRUE,Time based,TRUE,7200.0,,,,FALSE,FALSE,FALSE,0,Before,,,,0,0,FALSE,,0,0,0,0,0
,,1,,,,,,TRUE,0,,0,,TRUE,,0,0,FALSE,FALSE,1,Conversion Rate by Monetary Value,0,,FALSE,,,,No Email,Haz Waste Personnel (vendor),Hazardous Waste Personnel and Emergency Response Training,0,ILT Content,,915,TRUE,Time based,TRUE,,,,,FALSE,FALSE,FALSE,0,Before,,,,0,0,FALSE,,0,0,0,0,0
,,1,,,,,,TRUE,0,,0,,TRUE,,0,0,FALSE,FALSE,1,Conversion Rate by Monetary Value,0,,FALSE,,,,No Email,HAZMAT 40 (vendor),HAZMAT 40 (1st Environmental Information Systems),0,ILT Content,,902,TRUE,Time based,TRUE,,,,,FALSE,FALSE,FALSE,0,Before,,,,0,0,FALSE,,0,0,0,0,0
,,1,,,,,,TRUE,0,,0,,TRUE,,0,0,FALSE,FALSE,1,Conversion Rate by Monetary Value,0,,FALSE,,,,No Email,Health & Well-Being_Health Perspectives (AGGU),Health Perspectives & Your Fitness,0,ILT Content,,1027,TRUE,Time based,TRUE,,,,,FALSE,FALSE,FALSE,0,Before,,,,0,0,FALSE,,0,0,0,0,0
"In this course, we will be looking at how the hoshin targets are cascaded down throughout the organization, starting from the Americas group hoshin down to individual team members. You will also become familiar with the top down approach to goal setting and how each level of the company contributes to goals.  This is a AGGNA requirement and it is an annual recertification for all salary employees.",,1,,,,AGG.University@dummydata.com,,TRUE,0,,0,,TRUE,,0,0,FALSE,FALSE,1,Conversion Rate by Monetary Value,0,,FALSE,,,,No Email,Hoshin_Hoshin Training & SMART Goals_ILT,Hoshin Training & SMART Goals,1,ILT Content,,910,TRUE,Time based,TRUE,1800.0,,,,FALSE,FALSE,FALSE,0,Before,,,,0,0,FALSE,,0,0,0,0,0
,,1,,,,,,TRUE,0,,0,,TRUE,,0,0,FALSE,FALSE,1,Conversion Rate by Monetary Value,0,,FALSE,,,,No Email,How the Steel Market Works Training (vendor),How the Steel Market Works Training,0,ILT Content,,1031,TRUE,Time based,TRUE,,,,,FALSE,FALSE,FALSE,0,Before,,,,0,0,FALSE,,0,0,0,0,0
,,1,,,,,,TRUE,0,,0,,TRUE,,0,0,FALSE,FALSE,1,Conversion Rate by Monetary Value,0,,FALSE,,,,No Email,ILTcourse_Sub,ILTcourse_Sub,1,ILT Content,,1120,TRUE,Time based,TRUE,,,,,FALSE,FALSE,FALSE,0,Before,,,,0,0,FALSE,,0,0,0,0,0
,,1,,,,,,TRUE,0,,0,,TRUE,,0,0,FALSE,FALSE,1,Conversion Rate by Monetary Value,0,,FALSE,,,,No Email,Influential Leadership Workshop (MAC),Influential Leadership Workshop,0,ILT Content,,890,TRUE,Time based,TRUE,,,,,FALSE,FALSE,FALSE,0,Before,,,,0,0,FALSE,,0,0,0,0,0
,,1,,,,,,TRUE,0,,0,,TRUE,,0,0,FALSE,FALSE,1,Conversion Rate by Monetary Value,0,,FALSE,,,,No Email,Injection_Injection Molding - Manf Technology (AGG: Tyler Watson),Injection Molding - Manufacturing Technology,0,ILT Content,,908,TRUE,Time based,TRUE,,,,,FALSE,FALSE,FALSE,0,Before,,,,0,0,FALSE,,0,0,0,0,0
,,1,,,,,,TRUE,0,,0,,TRUE,,0,0,FALSE,FALSE,1,Conversion Rate by Monetary Value,0,,FALSE,,,,No Email,J2P0310 (vendor),Handling Tool Operation and Programming,0,ILT Content,,889,TRUE,Time based,TRUE,,,,,FALSE,FALSE,FALSE,0,Before,,,,0,0,FALSE,,0,0,0,0,0
,,1,,,,,,TRUE,0,,0,,TRUE,,0,0,FALSE,FALSE,1,Conversion Rate by Monetary Value,0,,FALSE,,,,No Email,Leadership Core: Excel (AGGU),Excel - Leadership Core,0,ILT Content,,1181,TRUE,Time based,TRUE,,,,,FALSE,FALSE,FALSE,0,Before,,,,0,0,FALSE,,0,0,0,0,0
,,1,,,,,,TRUE,0,,0,,TRUE,,0,0,FALSE,FALSE,1,Conversion Rate by Monetary Value,0,,FALSE,,,,No Email,Leadership Core: Outlook 2010 (AGGU),Change Your Outlook on Outlook 2010 (session 2),0,ILT Content,,903,TRUE,Time based,TRUE,,,,,FALSE,FALSE,FALSE,0,Before,,,,0,0,FALSE,,0,0,0,0,0
,,1,,,,,,TRUE,0,,0,,TRUE,,0,0,FALSE,FALSE,1,Conversion Rate by Monetary Value,0,,FALSE,,,,No Email,Leadership Core: Praise (AGGU),Why Praise Can BackfireAnd How to Do it Right - Leadership Core,0,ILT Content,,911,TRUE,Time based,TRUE,,,,,FALSE,FALSE,FALSE,0,Before,,,,0,0,FALSE,,0,0,0,0,0
,,1,,,,,,TRUE,0,,0,,TRUE,,0,0,FALSE,FALSE,1,Conversion Rate by Monetary Value,0,,FALSE,,,,No Email,Leadership: AGG Policies (AGGU),Understanding AGG Policies: What Would You Do? - Leadership Core,0,ILT Content,,1030,TRUE,Time based,TRUE,,,,,FALSE,FALSE,FALSE,0,Before,,,,0,0,FALSE,,0,0,0,0,0
,,1,,,,,,TRUE,0,,0,,TRUE,,0,0,FALSE,FALSE,1,Conversion Rate by Monetary Value,0,,FALSE,,,,No Email,Leadership_ 5S+1Y I (AGGU),5S+1Y I,0,ILT Content,,904,TRUE,Time based,TRUE,,,,,FALSE,FALSE,FALSE,0,Before,,,,0,0,FALSE,,0,0,0,0,0
,,1,,,,,,TRUE,0,,0,,TRUE,,0,0,FALSE,FALSE,1,Conversion Rate by Monetary Value,0,,FALSE,,,,No Email,Leadership_4 Imperatives (MAC),The Four Imperatives of Great Leaders Workshop,0,ILT Content,,1135,TRUE,Time based,TRUE,,,,,FALSE,FALSE,FALSE,0,Before,,,,0,0,FALSE,,0,0,0,0,0
,,1,,,,,,TRUE,0,,0,,TRUE,,0,0,FALSE,FALSE,1,Conversion Rate by Monetary Value,0,,FALSE,,,,No Email,Leadership_Delegating (MAC),Delegating with Purpose,0,ILT Content,,1126,TRUE,Time based,TRUE,,,,,FALSE,FALSE,FALSE,0,Before,,,,0,0,FALSE,,0,0,0,0,0
,,1,,,,,,TRUE,0,,0,,TRUE,,0,0,FALSE,FALSE,1,Conversion Rate by Monetary Value,0,,FALSE,,,,No Email,Leadership_DISC-LC (AGGU),DISC,0,ILT Content,,1020,TRUE,Time based,TRUE,,,,,FALSE,FALSE,FALSE,0,Before,,,,0,0,FALSE,,0,0,0,0,0
,,1,,,,,,TRUE,0,,0,,TRUE,,0,0,FALSE,FALSE,1,Conversion Rate by Monetary Value,0,,FALSE,,,,No Email,Leadership_Driving Change (MAC),Driving Change,0,ILT Content,,1121,TRUE,Time based,TRUE,,,,,FALSE,FALSE,FALSE,0,Before,,,,0,0,FALSE,,0,0,0,0,0
,,1,,,,,,TRUE,0,,0,,TRUE,,0,0,FALSE,FALSE,1,Conversion Rate by Monetary Value,0,,FALSE,,,,No Email,Leadership_Effective Communication -LC (AGGU),Effective Communication,0,ILT Content,,1025,TRUE,Time based,TRUE,,,,,FALSE,FALSE,FALSE,0,Before,,,,0,0,FALSE,,0,0,0,0,0
"Emotional Intelligence (EQ) is how you handle yourself and others on the job. Your EQ consists of four core skills: Self-Awareness, Self-Management, Social Awareness, and Relationship Management. This 8-hour training will take you far beyond knowing what EQ is... you'll discover 66 strategies you can use right away!",,1,,,,AGG.University@dummydata.com,,TRUE,0,,0,,TRUE,,0,0,FALSE,FALSE,1,Conversion Rate by Monetary Value,0,,FALSE,,,,No Email,Leadership_Emotional Intelligence Training,Emotional Intelligence Training,1,ILT Content,,1134,TRUE,Time based,TRUE,28800.0,,,,FALSE,FALSE,FALSE,0,Before,,,,0,0,FALSE,,0,0,0,0,0
,,1,,,,,,TRUE,0,,0,,TRUE,,0,0,FALSE,FALSE,1,Conversion Rate by Monetary Value,0,,FALSE,,,,No Email,Leadership_Kanban I (AGGU),Kanban I,0,ILT Content,,1026,TRUE,Time based,TRUE,,,,,FALSE,FALSE,FALSE,0,Before,,,,0,0,FALSE,,0,0,0,0,0
" Hands-on LMS training, where Supervisors and Managers will learn how to use the LMS and automated reports to proactively manage training in their departments.",,1,,,,AGG.University@dummydata.com,,TRUE,1,,0,,TRUE,,0,0,FALSE,FALSE,1,Conversion Rate by Monetary Value,0,,FALSE,,,,No Email,Leadership_LMS Training for Managers,LMS Training for Managers,0,ILT Content,,909,TRUE,Time based,TRUE,3600.0,,,,FALSE,FALSE,FALSE,0,Before,,,,0,0,FALSE,,0,0,0,0,0
 This 3-day management training focuses on AGG essentials and work processes in problem-solving and leadership.,,1,,,,AGG.University@dummydata.com,,TRUE,0,,0,,TRUE,,0,0,FALSE,FALSE,1,Conversion Rate by Monetary Value,0,,FALSE,,,,No Email,Leadership_Middle Management Training (MMT),Middle Management Training (MMT),0,ILT Content,,891,TRUE,Time based,TRUE,,,,,FALSE,FALSE,FALSE,0,Before,,,,0,0,FALSE,,0,0,0,0,0
,,1,,,,,,TRUE,0,,0,,TRUE,,0,0,FALSE,FALSE,1,Conversion Rate by Monetary Value,0,,FALSE,,,,No Email,Leadership_MMT Global Train the Trainer (Middle Management Training),MMT Global Train the Trainer (Middle Management Training),0,ILT Content,,900,TRUE,Time based,TRUE,,,,,FALSE,FALSE,FALSE,0,Before,,,,0,0,FALSE,,0,0,0,0,0
,,1,,,,,,TRUE,0,,0,,TRUE,,0,0,FALSE,FALSE,1,Conversion Rate by Monetary Value,0,,FALSE,,,,No Email,Leadership_ProManager (vendor),ProManager Leadership Development,0,ILT Content,,1024,TRUE,Time based,TRUE,,,,,FALSE,FALSE,FALSE,0,Before,,,,0,0,FALSE,,0,0,0,0,0
,,1,,,,,,TRUE,1,,0,,TRUE,,0,0,FALSE,FALSE,1,Conversion Rate by Monetary Value,0,,FALSE,,,,No Email,Leadership_SCP,Supervisor Certification Program (register for a session),0,ILT Content,,888,TRUE,Time based,TRUE,,,,,FALSE,FALSE,FALSE,0,Before,,,,0,0,FALSE,,0,0,0,0,0
Present the status of departmental improvements that were started during supervisor certification program.,,1,,,,AGG.University@dummydata.com,,TRUE,0,,0,,TRUE,,0,0,FALSE,FALSE,1,Conversion Rate by Monetary Value,0,,FALSE,,,,No Email,Leadership_SCP final presentation (ILT Course),Supervisor Certification Program Final Presentation,0,ILT Content,,1130,TRUE,Time based,TRUE,900.0,,,,FALSE,FALSE,FALSE,0,Before,,,,0,0,FALSE,,0,0,0,0,0
,,1,,,,,,TRUE,0,,0,,TRUE,,0,0,FALSE,FALSE,1,Conversion Rate by Monetary Value,0,,FALSE,,,,No Email,Leadership_SCP Leadership & Goals,Supervisor Cert - Leadership & Goals,1,ILT Content,,1018,TRUE,Time based,TRUE,144000.0,,,,FALSE,FALSE,FALSE,0,Before,,,angelaadmin,0,0,FALSE,,0,0,0,0,0
,,1,,,,,,TRUE,0,,0,,TRUE,,0,0,FALSE,FALSE,1,Conversion Rate by Monetary Value,0,,FALSE,,,,No Email,Leadership_SCP Leadership & Goals,Supervisor Cert - Leadership & Goals,1,ILT Content,,1018,TRUE,Time based,TRUE,144000.0,,,,FALSE,FALSE,FALSE,0,Before,,,jenadmin,0,0,FALSE,,0,0,0,0,0
,,1,,,,,,TRUE,0,,0,,TRUE,,0,0,FALSE,FALSE,1,Conversion Rate by Monetary Value,0,,FALSE,,,,No Email,Leadership_SCP Leadership & Goals,Supervisor Cert - Leadership & Goals,1,ILT Content,,1018,TRUE,Time based,TRUE,144000.0,,,,FALSE,FALSE,FALSE,0,Before,,,KY004130,0,0,FALSE,,0,0,0,0,0
,,1,,,,,,TRUE,0,,0,,TRUE,,0,0,FALSE,FALSE,1,Conversion Rate by Monetary Value,0,,FALSE,,,,No Email,Leadership_SCP Leadership & Goals,Supervisor Cert - Leadership & Goals,1,ILT Content,,1018,TRUE,Time based,TRUE,144000.0,,,,FALSE,FALSE,FALSE,0,Before,,,MT000080951,0,0,FALSE,,0,0,0,0,0
,,1,,,,,,TRUE,0,,0,,TRUE,,0,0,FALSE,FALSE,1,Conversion Rate by Monetary Value,0,,FALSE,,,,No Email,Leadership_SCP Leadership & Goals,Supervisor Cert - Leadership & Goals,1,ILT Content,,1018,TRUE,Time based,TRUE,144000.0,,,,FALSE,FALSE,FALSE,0,Before,,,TX002096,0,0,FALSE,,0,0,0,0,0
,,1,,,,,,TRUE,0,,0,,TRUE,,0,0,FALSE,FALSE,1,Conversion Rate by Monetary Value,0,,FALSE,,,,No Email,Leadership_SCP Leadership & Goals,Supervisor Cert - Leadership & Goals,1,ILT Content,,1018,TRUE,Time based,TRUE,144000.0,,,,FALSE,FALSE,FALSE,0,Before,,,tyleradmin,0,0,FALSE,,0,0,0,0,0
,,1,,,,AGG.University@dummydata.com,,TRUE,0,,0,,TRUE,,0,0,FALSE,FALSE,1,Conversion Rate by Monetary Value,0,,FALSE,,,,No Email,Leadership_SCP Leadership & Goals_ARCHIVE,Supervisor Certification Program Weekly (Leadership & Goals),0,ILT Content,,1021,TRUE,Time based,TRUE,,,,,FALSE,FALSE,FALSE,0,Before,,,,0,0,FALSE,,0,0,0,0,0
,,1,,,,AGG.University@dummydata.com,,TRUE,0,,0,,TRUE,,0,0,FALSE,FALSE,1,Conversion Rate by Monetary Value,0,,FALSE,,,,No Email,Leadership_SCP Leadership & Goals_ARCHIVE,Supervisor Certification Program Weekly (Leadership & Goals),1,ILT Content,,1021,TRUE,Time based,TRUE,,,,,FALSE,FALSE,FALSE,0,Before,,,,0,0,FALSE,,0,0,0,0,0
,,1,,,,,,TRUE,0,,0,,TRUE,,0,0,FALSE,FALSE,1,Conversion Rate by Monetary Value,0,,FALSE,,,,No Email,Leadership_SCP Quality & Problem Solving,Supervisor Cert - Quality & Problem Solving,1,ILT Content,,912,TRUE,Time based,TRUE,144000.0,,,,FALSE,FALSE,FALSE,0,Before,,,angelaadmin,0,0,FALSE,,0,0,0,0,0
,,1,,,,,,TRUE,0,,0,,TRUE,,0,0,FALSE,FALSE,1,Conversion Rate by Monetary Value,0,,FALSE,,,,No Email,Leadership_SCP Quality & Problem Solving,Supervisor Cert - Quality & Problem Solving,1,ILT Content,,912,TRUE,Time based,TRUE,144000.0,,,,FALSE,FALSE,FALSE,0,Before,,,jenadmin,0,0,FALSE,,0,0,0,0,0
,,1,,,,,,TRUE,0,,0,,TRUE,,0,0,FALSE,FALSE,1,Conversion Rate by Monetary Value,0,,FALSE,,,,No Email,Leadership_SCP Quality & Problem Solving,Supervisor Cert - Quality & Problem Solving,1,ILT Content,,912,TRUE,Time based,TRUE,144000.0,,,,FALSE,FALSE,FALSE,0,Before,,,KY004130,0,0,FALSE,,0,0,0,0,0
,,1,,,,,,TRUE,0,,0,,TRUE,,0,0,FALSE,FALSE,1,Conversion Rate by Monetary Value,0,,FALSE,,,,No Email,Leadership_SCP Quality & Problem Solving,Supervisor Cert - Quality & Problem Solving,1,ILT Content,,912,TRUE,Time based,TRUE,144000.0,,,,FALSE,FALSE,FALSE,0,Before,,,MT000080951,0,0,FALSE,,0,0,0,0,0
,,1,,,,,,TRUE,0,,0,,TRUE,,0,0,FALSE,FALSE,1,Conversion Rate by Monetary Value,0,,FALSE,,,,No Email,Leadership_SCP Quality & Problem Solving,Supervisor Cert - Quality & Problem Solving,1,ILT Content,,912,TRUE,Time based,TRUE,144000.0,,,,FALSE,FALSE,FALSE,0,Before,,,TX002096,0,0,FALSE,,0,0,0,0,0
,,1,,,,,,TRUE,0,,0,,TRUE,,0,0,FALSE,FALSE,1,Conversion Rate by Monetary Value,0,,FALSE,,,,No Email,Leadership_SCP Quality & Problem Solving,Supervisor Cert - Quality & Problem Solving,1,ILT Content,,912,TRUE,Time based,TRUE,144000.0,,,,FALSE,FALSE,FALSE,0,Before,,,tyleradmin,0,0,FALSE,,0,0,0,0,0
,,1,,,,AGG.University@dummydata.com,,TRUE,0,,0,,TRUE,,0,0,FALSE,FALSE,1,Conversion Rate by Monetary Value,0,,FALSE,,,,No Email,Leadership_SCP Quality & Problem Solving_ARCHIVE,Supervisor Certification Program Weekly (Quality & Problem Solving),1,ILT Content,,1024,TRUE,Time based,TRUE,,,,,FALSE,FALSE,FALSE,0,Before,,,,0,0,FALSE,,0,0,0,0,0
,,1,,,,AGG.University@dummydata.com,,TRUE,0,,0,,TRUE,,0,0,FALSE,FALSE,1,Conversion Rate by Monetary Value,0,,FALSE,,,,No Email,Leadership_SCP Standard Work & Training_ARCHIVE,Supervisor Certification Program Weekly (Standard Work & Training),1,ILT Content,,1023,TRUE,Time based,TRUE,,,,,FALSE,FALSE,FALSE,0,Before,,,,0,0,FALSE,,0,0,0,0,0
,,1,,,,,,TRUE,0,,0,,TRUE,,0,0,FALSE,FALSE,1,Conversion Rate by Monetary Value,0,,FALSE,,,,No Email,Leadership_SCP Standard Work & Training,Supervisor Cert - Standard Work & Training,1,ILT Content,,916,TRUE,Time based,TRUE,144000.0,,,,FALSE,FALSE,FALSE,0,Before,,,angelaadmin,0,0,FALSE,,0,0,0,0,0
,,1,,,,,,TRUE,0,,0,,TRUE,,0,0,FALSE,FALSE,1,Conversion Rate by Monetary Value,0,,FALSE,,,,No Email,Leadership_SCP Standard Work & Training,Supervisor Cert - Standard Work & Training,1,ILT Content,,916,TRUE,Time based,TRUE,144000.0,,,,FALSE,FALSE,FALSE,0,Before,,,jenadmin,0,0,FALSE,,0,0,0,0,0
,,1,,,,,,TRUE,0,,0,,TRUE,,0,0,FALSE,FALSE,1,Conversion Rate by Monetary Value,0,,FALSE,,,,No Email,Leadership_SCP Standard Work & Training,Supervisor Cert - Standard Work & Training,1,ILT Content,,916,TRUE,Time based,TRUE,144000.0,,,,FALSE,FALSE,FALSE,0,Before,,,KY004130,0,0,FALSE,,0,0,0,0,0
,,1,,,,,,TRUE,0,,0,,TRUE,,0,0,FALSE,FALSE,1,Conversion Rate by Monetary Value,0,,FALSE,,,,No Email,Leadership_SCP Standard Work & Training,Supervisor Cert - Standard Work & Training,1,ILT Content,,916,TRUE,Time based,TRUE,144000.0,,,,FALSE,FALSE,FALSE,0,Before,,,MT000080951,0,0,FALSE,,0,0,0,0,0
,,1,,,,,,TRUE,0,,0,,TRUE,,0,0,FALSE,FALSE,1,Conversion Rate by Monetary Value,0,,FALSE,,,,No Email,Leadership_SCP Standard Work & Training,Supervisor Cert - Standard Work & Training,1,ILT Content,,916,TRUE,Time based,TRUE,144000.0,,,,FALSE,FALSE,FALSE,0,Before,,,TX002096,0,0,FALSE,,0,0,0,0,0
,,1,,,,,,TRUE,0,,0,,TRUE,,0,0,FALSE,FALSE,1,Conversion Rate by Monetary Value,0,,FALSE,,,,No Email,Leadership_SCP Standard Work & Training,Supervisor Cert - Standard Work & Training,1,ILT Content,,916,TRUE,Time based,TRUE,144000.0,,,,FALSE,FALSE,FALSE,0,Before,,,tyleradmin,0,0,FALSE,,0,0,0,0,0
,,1,,,,,,TRUE,0,,0,,TRUE,,0,0,FALSE,FALSE,1,Conversion Rate by Monetary Value,0,,FALSE,,,,No Email,Leadership_SCP TPS & Safety,Supervisor Cert - TPS & Safety,1,ILT Content,,1119,TRUE,Time based,TRUE,144000.0,,,,FALSE,FALSE,FALSE,0,Before,,,angelaadmin,0,0,FALSE,,0,0,0,0,0
,,1,,,,,,TRUE,0,,0,,TRUE,,0,0,FALSE,FALSE,1,Conversion Rate by Monetary Value,0,,FALSE,,,,No Email,Leadership_SCP TPS & Safety,Supervisor Cert - TPS & Safety,1,ILT Content,,1119,TRUE,Time based,TRUE,144000.0,,,,FALSE,FALSE,FALSE,0,Before,,,jenadmin,0,0,FALSE,,0,0,0,0,0
,,1,,,,,,TRUE,0,,0,,TRUE,,0,0,FALSE,FALSE,1,Conversion Rate by Monetary Value,0,,FALSE,,,,No Email,Leadership_SCP TPS & Safety,Supervisor Cert - TPS & Safety,1,ILT Content,,1119,TRUE,Time based,TRUE,144000.0,,,,FALSE,FALSE,FALSE,0,Before,,,KY004130,0,0,FALSE,,0,0,0,0,0
,,1,,,,,,TRUE,0,,0,,TRUE,,0,0,FALSE,FALSE,1,Conversion Rate by Monetary Value,0,,FALSE,,,,No Email,Leadership_SCP TPS & Safety,Supervisor Cert - TPS & Safety,1,ILT Content,,1119,TRUE,Time based,TRUE,144000.0,,,,FALSE,FALSE,FALSE,0,Before,,,MT000080951,0,0,FALSE,,0,0,0,0,0
,,1,,,,,,TRUE,0,,0,,TRUE,,0,0,FALSE,FALSE,1,Conversion Rate by Monetary Value,0,,FALSE,,,,No Email,Leadership_SCP TPS & Safety,Supervisor Cert - TPS & Safety,1,ILT Content,,1119,TRUE,Time based,TRUE,144000.0,,,,FALSE,FALSE,FALSE,0,Before,,,TX002096,0,0,FALSE,,0,0,0,0,0
,,1,,,,,,TRUE,0,,0,,TRUE,,0,0,FALSE,FALSE,1,Conversion Rate by Monetary Value,0,,FALSE,,,,No Email,Leadership_SCP TPS & Safety,Supervisor Cert - TPS & Safety,1,ILT Content,,1119,TRUE,Time based,TRUE,144000.0,,,,FALSE,FALSE,FALSE,0,Before,,,tyleradmin,0,0,FALSE,,0,0,0,0,0
,,1,,,,AGG.University@dummydata.com,,TRUE,0,,0,,TRUE,,0,0,FALSE,FALSE,1,Conversion Rate by Monetary Value,0,,FALSE,,,,No Email,Leadership_SCP TPS & Safety (weekly),Supervisor Certification Program Weekly (TPS & Safety),0,ILT Content,,1123,TRUE,Time based,TRUE,144000.0,,,,FALSE,FALSE,FALSE,0,Before,,,,0,0,FALSE,,0,0,0,0,0
,,1,,,,AGG.University@dummydata.com,,TRUE,0,,0,,TRUE,,0,0,FALSE,FALSE,1,Conversion Rate by Monetary Value,0,,FALSE,,,,No Email,Leadership_SCP TPS & Safety (weekly),Supervisor Certification Program Weekly (TPS & Safety),1,ILT Content,,1123,TRUE,Time based,TRUE,144000.0,,,,FALSE,FALSE,FALSE,0,Before,,,,0,0,FALSE,,0,0,0,0,0
Annual program created to help develop local leaders within AGGNA and requires team members to select projects they can continuously improve in their own department. The course is led by a AGGNA leader and is made up of several meetings over 6-8 months with a final presentation at the end.,,1,,,,AGG.University@dummydata.com,,TRUE,0,,0,,TRUE,,0,0,FALSE,FALSE,1,Conversion Rate by Monetary Value,0,,FALSE,,,,No Email,Leadership_AGGNA Leadership Workshop and Training,AGGNA Leadership Workshop and Training,1,ILT Content,,1129,TRUE,Time based,TRUE,,,,,FALSE,FALSE,FALSE,0,Before,,,,0,0,FALSE,,0,0,0,0,0
,,1,,,,,,TRUE,0,,0,,TRUE,,0,0,FALSE,FALSE,1,Conversion Rate by Monetary Value,0,,FALSE,,,,No Email,Leadership_TPS (AGGU),TPS I,0,ILT Content,,914,TRUE,Time based,TRUE,,,,,FALSE,FALSE,FALSE,0,Before,,,,0,0,FALSE,,0,0,0,0,0
,,1,,,,,,TRUE,0,,0,,TRUE,,0,0,FALSE,FALSE,1,Conversion Rate by Monetary Value,0,,FALSE,,,,No Email,Leadership_TPS (vendor),TPS Basics for Management,0,ILT Content,,1128,TRUE,Time based,TRUE,,,,,FALSE,FALSE,FALSE,0,Before,,,,0,0,FALSE,,0,0,0,0,0
Refresh your memory on how to use the TWI Job Instruction method when teaching others how to do a job. This training is a refresher course for the 10-hour TWI Job Instruction certification which you obtained in the past.,,1,,,,AGG.University@dummydata.com,,TRUE,1,,0,,TRUE,,0,0,FALSE,FALSE,1,Conversion Rate by Monetary Value,0,,FALSE,,,,No Email,Leadership_TWI Job Instruction - Refresher Course,TWI Job Instruction - 10 Hour (Refresher),1,ILT Content,,906,TRUE,Time based,TRUE,,,,,FALSE,FALSE,FALSE,0,Before,,,,0,0,FALSE,,0,0,0,0,0
" By obtaining this 10-hour certification, participants will be able to use the TWI method when teaching others how to do a job. TWI Institute (Training Within Industry) has determined the steps of the TWI Job Instruction method to be the best way of teaching someone how to do a job correctly, safely, and conscientiously.",,1,,,,AGG.University@dummydata.com,,TRUE,1,,0,,TRUE,,0,0,FALSE,FALSE,1,Conversion Rate by Monetary Value,0,,FALSE,,,,No Email,Leadership_TWI Job Instruction 10-hour,TWI Job Instruction 10-hour Certification,1,ILT Content,,1125,TRUE,Time based,TRUE,,,,,FALSE,FALSE,FALSE,0,Before,,,angelaadmin,0,0,FALSE,,0,0,0,0,0
" By obtaining this 10-hour certification, participants will be able to use the TWI method when teaching others how to do a job. TWI Institute (Training Within Industry) has determined the steps of the TWI Job Instruction method to be the best way of teaching someone how to do a job correctly, safely, and conscientiously.",,1,,,,AGG.University@dummydata.com,,TRUE,1,,0,,TRUE,,0,0,FALSE,FALSE,1,Conversion Rate by Monetary Value,0,,FALSE,,,,No Email,Leadership_TWI Job Instruction 10-hour,TWI Job Instruction 10-hour Certification,1,ILT Content,,1125,TRUE,Time based,TRUE,,,,,FALSE,FALSE,FALSE,0,Before,,,ASK111041,0,0,FALSE,,0,0,0,0,0
" By obtaining this 10-hour certification, participants will be able to use the TWI method when teaching others how to do a job. TWI Institute (Training Within Industry) has determined the steps of the TWI Job Instruction method to be the best way of teaching someone how to do a job correctly, safely, and conscientiously.",,1,,,,AGG.University@dummydata.com,,TRUE,1,,0,,TRUE,,0,0,FALSE,FALSE,1,Conversion Rate by Monetary Value,0,,FALSE,,,,No Email,Leadership_TWI Job Instruction 10-hour,TWI Job Instruction 10-hour Certification,1,ILT Content,,1125,TRUE,Time based,TRUE,,,,,FALSE,FALSE,FALSE,0,Before,,,jenadmin,0,0,FALSE,,0,0,0,0,0
" By obtaining this 10-hour certification, participants will be able to use the TWI method when teaching others how to do a job. TWI Institute (Training Within Industry) has determined the steps of the TWI Job Instruction method to be the best way of teaching someone how to do a job correctly, safely, and conscientiously.",,1,,,,AGG.University@dummydata.com,,TRUE,1,,0,,TRUE,,0,0,FALSE,FALSE,1,Conversion Rate by Monetary Value,0,,FALSE,,,,No Email,Leadership_TWI Job Instruction 10-hour,TWI Job Instruction 10-hour Certification,1,ILT Content,,1125,TRUE,Time based,TRUE,,,,,FALSE,FALSE,FALSE,0,Before,,,KY004130,0,0,FALSE,,0,0,0,0,0
" By obtaining this 10-hour certification, participants will be able to use the TWI method when teaching others how to do a job. TWI Institute (Training Within Industry) has determined the steps of the TWI Job Instruction method to be the best way of teaching someone how to do a job correctly, safely, and conscientiously.",,1,,,,AGG.University@dummydata.com,,TRUE,1,,0,,TRUE,,0,0,FALSE,FALSE,1,Conversion Rate by Monetary Value,0,,FALSE,,,,No Email,Leadership_TWI Job Instruction 10-hour,TWI Job Instruction 10-hour Certification,1,ILT Content,,1125,TRUE,Time based,TRUE,,,,,FALSE,FALSE,FALSE,0,Before,,,MT000080951,0,0,FALSE,,0,0,0,0,0
" By obtaining this 10-hour certification, participants will be able to use the TWI method when teaching others how to do a job. TWI Institute (Training Within Industry) has determined the steps of the TWI Job Instruction method to be the best way of teaching someone how to do a job correctly, safely, and conscientiously.",,1,,,,AGG.University@dummydata.com,,TRUE,1,,0,,TRUE,,0,0,FALSE,FALSE,1,Conversion Rate by Monetary Value,0,,FALSE,,,,No Email,Leadership_TWI Job Instruction 10-hour,TWI Job Instruction 10-hour Certification,1,ILT Content,,1125,TRUE,Time based,TRUE,,,,,FALSE,FALSE,FALSE,0,Before,,,MT000110156,0,0,FALSE,,0,0,0,0,0
" By obtaining this 10-hour certification, participants will be able to use the TWI method when teaching others how to do a job. TWI Institute (Training Within Industry) has determined the steps of the TWI Job Instruction method to be the best way of teaching someone how to do a job correctly, safely, and conscientiously.",,1,,,,AGG.University@dummydata.com,,TRUE,1,,0,,TRUE,,0,0,FALSE,FALSE,1,Conversion Rate by Monetary Value,0,,FALSE,,,,No Email,Leadership_TWI Job Instruction 10-hour,TWI Job Instruction 10-hour Certification,1,ILT Content,,1125,TRUE,Time based,TRUE,,,,,FALSE,FALSE,FALSE,0,Before,,,TX002096,0,0,FALSE,,0,0,0,0,0
" By obtaining this 10-hour certification, participants will be able to use the TWI method when teaching others how to do a job. TWI Institute (Training Within Industry) has determined the steps of the TWI Job Instruction method to be the best way of teaching someone how to do a job correctly, safely, and conscientiously.",,1,,,,AGG.University@dummydata.com,,TRUE,1,,0,,TRUE,,0,0,FALSE,FALSE,1,Conversion Rate by Monetary Value,0,,FALSE,,,,No Email,Leadership_TWI Job Instruction 10-hour,TWI Job Instruction 10-hour Certification,1,ILT Content,,1125,TRUE,Time based,TRUE,,,,,FALSE,FALSE,FALSE,0,Before,,,tyleradmin,0,0,FALSE,,0,0,0,0,0
TWI-JI 10-hr Cert completed during Supervisor Certification Program (SCP),,1,,,,AGG.University@dummydata.com,,TRUE,0,,0,,TRUE,,0,0,FALSE,FALSE,1,Conversion Rate by Monetary Value,0,,FALSE,,,,No Email,Leadership_TWI Job Instruction 10-hour (SCP),TWI Job Instruction 10-hour Certification (SCP),1,ILT Content,,892,TRUE,Time based,TRUE,36000.0,,,,FALSE,FALSE,FALSE,0,Before,,,,0,0,FALSE,,0,0,0,0,0
,,1,,,,,,TRUE,0,,0,,TRUE,,0,0,FALSE,FALSE,1,Conversion Rate by Monetary Value,0,,FALSE,,,,No Email,Leadership_TWI Job Relations 10-hour,TWI Job Relations 10-hour Certification,1,ILT Content,,1124,TRUE,Time based,TRUE,,,,,FALSE,FALSE,FALSE,0,Before,,,angelaadmin,0,0,FALSE,,0,0,0,0,0
,,1,,,,,,TRUE,0,,0,,TRUE,,0,0,FALSE,FALSE,1,Conversion Rate by Monetary Value,0,,FALSE,,,,No Email,Leadership_TWI Job Relations 10-hour,TWI Job Relations 10-hour Certification,1,ILT Content,,1124,TRUE,Time based,TRUE,,,,,FALSE,FALSE,FALSE,0,Before,,,jenadmin,0,0,FALSE,,0,0,0,0,0
,,1,,,,,,TRUE,0,,0,,TRUE,,0,0,FALSE,FALSE,1,Conversion Rate by Monetary Value,0,,FALSE,,,,No Email,Leadership_TWI Job Relations 10-hour,TWI Job Relations 10-hour Certification,1,ILT Content,,1124,TRUE,Time based,TRUE,,,,,FALSE,FALSE,FALSE,0,Before,,,KY004130,0,0,FALSE,,0,0,0,0,0
,,1,,,,,,TRUE,0,,0,,TRUE,,0,0,FALSE,FALSE,1,Conversion Rate by Monetary Value,0,,FALSE,,,,No Email,Leadership_TWI Job Relations 10-hour,TWI Job Relations 10-hour Certification,1,ILT Content,,1124,TRUE,Time based,TRUE,,,,,FALSE,FALSE,FALSE,0,Before,,,MT000080951,0,0,FALSE,,0,0,0,0,0
,,1,,,,,,TRUE,0,,0,,TRUE,,0,0,FALSE,FALSE,1,Conversion Rate by Monetary Value,0,,FALSE,,,,No Email,Leadership_TWI Job Relations 10-hour,TWI Job Relations 10-hour Certification,1,ILT Content,,1124,TRUE,Time based,TRUE,,,,,FALSE,FALSE,FALSE,0,Before,,,TX002096,0,0,FALSE,,0,0,0,0,0
,,1,,,,,,TRUE,0,,0,,TRUE,,0,0,FALSE,FALSE,1,Conversion Rate by Monetary Value,0,,FALSE,,,,No Email,Leadership_TWI Job Relations 10-hour,TWI Job Relations 10-hour Certification,1,ILT Content,,1124,TRUE,Time based,TRUE,,,,,FALSE,FALSE,FALSE,0,Before,,,tyleradmin,0,0,FALSE,,0,0,0,0,0
TWI-JR 10-hr Cert completed during Supervisor Certification Program (SCP),,1,,,,,,TRUE,0,,0,,TRUE,,0,0,FALSE,FALSE,1,Conversion Rate by Monetary Value,0,,FALSE,,,,No Email,Leadership_TWI Job Relations 10-hour (SCP),TWI Job Relations 10-hour Certification (SCP),1,ILT Content,,886,TRUE,Time based,TRUE,36000.0,,,,FALSE,FALSE,FALSE,0,Before,,,,0,0,FALSE,,0,0,0,0,0
40 hr. TWI Job Instruction Class. For Instructors,,1,,,,,,TRUE,0,,0,,TRUE,,0,0,FALSE,FALSE,1,Conversion Rate by Monetary Value,0,,FALSE,,,,No Email,Leadership_TWI_T3 Job Instruction Instructor (40-hr ),TWI Job Instruction - Instructor (40 Hour),1,ILT Content,,1133,TRUE,Time based,TRUE,,,,,FALSE,FALSE,FALSE,0,Before,,,,0,0,FALSE,,0,0,0,0,0
,,1,,,,,,TRUE,0,,0,,TRUE,,0,0,FALSE,FALSE,1,Conversion Rate by Monetary Value,0,,FALSE,,,,No Email,Leadership_TWI_T3 Job Relations Instructor (40-hr. cert),TWI Job Relations - Instructor (40 Hour),1,ILT Content,,1019,TRUE,Time based,TRUE,,,,,FALSE,FALSE,FALSE,0,Before,,,,0,0,FALSE,,0,0,0,0,0
,,1,,,,,,TRUE,0,,0,,TRUE,,0,0,FALSE,FALSE,1,Conversion Rate by Monetary Value,0,,FALSE,,,,No Email,"Lean Manufacturing ""Simulation Workshop"" (vendor)",Lean Manufacturing Simulation Workshop,0,ILT Content,,1029,TRUE,Time based,TRUE,,,,,FALSE,FALSE,FALSE,0,Before,,,,0,0,FALSE,,0,0,0,0,0
" Your, and your employees', rights and responsibilities under the Family Medical Leave Act (Recertification required only when updated) This training complies with AGGMO standards.",,1,,,,,,TRUE,0,,0,,TRUE,,0,0,FALSE,FALSE,1,Conversion Rate by Monetary Value,0,,FALSE,,,,No Email,Legal_FMLA for Management (AGG specifics),FMLA for Management (AGG specifics),1,ILT Content,,1122,TRUE,Time based,TRUE,,,,,FALSE,FALSE,FALSE,0,Before,,,,0,0,FALSE,,0,0,0,0,0
,,1,,,,,,TRUE,0,,0,,TRUE,,0,0,FALSE,FALSE,1,Conversion Rate by Monetary Value,0,,FALSE,,,,No Email,Motivating Others (MAC),Motivating Others Workshop,0,ILT Content,,1127,TRUE,Time based,TRUE,,,,,FALSE,FALSE,FALSE,0,Before,,,,0,0,FALSE,,0,0,0,0,0
"Dangers of bloodborne pathogens, common means of transmission, and the use of personal protective equipment; required for First Aid/CPR/AED Certification (1-year Recertification) This training complies with OSHA standard 1910.151.",,1,,,,AGG.University@dummydata.com,,TRUE,0,,0,,TRUE,,0,0,FALSE,FALSE,1,Conversion Rate by Monetary Value,0,,FALSE,,,,No Email,OLD_Compliance_Bloodborne Pathogens (ILT Course),OLD_Bloodborne Pathogens,0,ILT Content,,907,TRUE,Time based,TRUE,3600.0,,,,FALSE,FALSE,FALSE,0,Before,,,,0,0,FALSE,,0,0,0,0,0
" This course is designed for Team Members who want to mentor new AGG employees. Learn what the Mentor Program is all about, what your role and responsibilities will be, and obtain your certification as a designated Mentor.",,1,,,,AGG.University@dummydata.com,,TRUE,1,,0,,TRUE,,0,0,FALSE,FALSE,1,Conversion Rate by Monetary Value,0,,FALSE,,,,No Email,Onboarding_Mentor Certification Training,Mentor Certification,1,ILT Content,,905,TRUE,Time based,TRUE,10800.0,,,,FALSE,FALSE,FALSE,0,Before,,,,0,0,FALSE,,0,0,0,0,0
" This program is intended to give new hires a solid foundation as they adapt to their new positions. Participants will be required to complete 2 surveys: a 10-Day Touchback Survey and a 20-Day Touchback Survey. These surveys will be in their LMS and available for completion at 10 and 20 days, respectfully, from the day they are registered in the Mentoring Program.",,1,,,,AGG.University@dummydata.com,,TRUE,0,,0,,TRUE,,0,0,FALSE,FALSE,1,Conversion Rate by Monetary Value,0,,FALSE,,,,No Email,Onboarding_Mentoring Program,Mentoring Program,0,ILT Content,,1028,TRUE,Time based,TRUE,,,,,FALSE,FALSE,FALSE,0,Before,,,,0,0,FALSE,,0,0,0,0,0
,,1,,,,,,TRUE,0,,0,,TRUE,,0,0,FALSE,FALSE,1,Conversion Rate by Monetary Value,0,,FALSE,,,,No Email,PACTC (vendor),1000 hours Computer Maintenance,0,ILT Content,,893,TRUE,Time based,TRUE,,,,,FALSE,FALSE,FALSE,0,Before,,,,0,0,FALSE,,0,0,0,0,0
,,1,,,,,,TRUE,0,,0,,TRUE,,0,0,FALSE,FALSE,1,Conversion Rate by Monetary Value,0,,FALSE,,,,No Email,PACTC (vendor) Wiring,Residential Wiring,0,ILT Content,,1017,TRUE,Time based,TRUE,,,,,FALSE,FALSE,FALSE,0,Before,,,,0,0,FALSE,,0,0,0,0,0
,,1,,,,,,TRUE,0,,0,,TRUE,,0,0,FALSE,FALSE,1,Conversion Rate by Monetary Value,0,,FALSE,,,,No Email,Paint_Paint 101,Paint 101,0,ILT Content,,898,TRUE,Time based,TRUE,,,,,FALSE,FALSE,FALSE,0,Before,,,,0,0,FALSE,,0,0,0,0,0
,,1,,,,,,TRUE,0,,0,,TRUE,,0,0,FALSE,FALSE,1,Conversion Rate by Monetary Value,0,,FALSE,,,,No Email,PDM225 (vendor),PDM225 SOLIDWORKS PDM User Professional,0,ILT Content,,1016,TRUE,Time based,TRUE,,,,,FALSE,FALSE,FALSE,0,Before,,,,0,0,FALSE,,0,0,0,0,0
,,1,,,,,,TRUE,0,,0,,TRUE,,0,0,FALSE,FALSE,1,Conversion Rate by Monetary Value,0,,FALSE,,,,No Email,PDM305 (vendor),PDM305 Solidworks PDM Administrator Professional,0,ILT Content,,1022,TRUE,Time based,TRUE,,,,,FALSE,FALSE,FALSE,0,Before,,,,0,0,FALSE,,0,0,0,0,0
,,1,,,,,,TRUE,0,,0,,TRUE,,0,0,FALSE,FALSE,1,Conversion Rate by Monetary Value,0,,FALSE,,,,No Email,PerkinElmer (vendor),ICP-Optima Instrumentation with Syngistix Software,0,ILT Content,,1136,TRUE,Time based,TRUE,,,,,FALSE,FALSE,FALSE,0,Before,,,,0,0,FALSE,,0,0,0,0,0
,,1,,,,,,TRUE,0,,0,,TRUE,,0,0,FALSE,FALSE,1,Conversion Rate by Monetary Value,0,,FALSE,,,,No Email,Platts 4th Annual Scrap Seminar (vendor),Platts 4th Annual Scrap Seminar,0,ILT Content,,913,TRUE,Time based,TRUE,,,,,FALSE,FALSE,FALSE,0,Before,,,,0,0,FALSE,,0,0,0,0,0
,,1,,,,,,TRUE,0,,0,,TRUE,,0,0,FALSE,FALSE,1,Conversion Rate by Monetary Value,0,,FALSE,,,,No Email,PLC (MAC),Programmable Logical Controllers Troubleshooting Class,0,ILT Content,,887,TRUE,Time based,TRUE,,,,,FALSE,FALSE,FALSE,0,Before,,,,0,0,FALSE,,0,0,0,0,0
,,1,,,,,,TRUE,0,,0,,TRUE,,0,0,FALSE,FALSE,1,Conversion Rate by Monetary Value,0,,FALSE,,,,No Email,Poly_Leather Wrap Skills Table (AGGU),Leather Wrap Skills Table,0,ILT Content,,899,TRUE,Time based,TRUE,,,,,FALSE,FALSE,FALSE,0,Before,,,,0,0,FALSE,,0,0,0,0,0
,,1,,,,,,TRUE,0,,0,,TRUE,,0,0,FALSE,FALSE,1,Conversion Rate by Monetary Value,0,,FALSE,,,,No Email,Precision Sensing for High Tech Industries (vendor),Precision Sensing for High Tech Industries - BAL - LUFF,0,ILT Content,,901,TRUE,Time based,TRUE,,,,,FALSE,FALSE,FALSE,0,Before,,,,0,0,FALSE,,0,0,0,0,0
,,1,,,,,,TRUE,0,,0,,TRUE,,0,0,FALSE,FALSE,1,Conversion Rate by Monetary Value,0,,FALSE,,,,No Email,Price Risk Management (vendor),Price Risk Management in Steel Workshop,0,ILT Content,,897,TRUE,Time based,TRUE,,,,,FALSE,FALSE,FALSE,0,Before,,,,0,0,FALSE,,0,0,0,0,0
,,1,,,,,,TRUE,0,,0,,TRUE,,0,0,FALSE,FALSE,1,Conversion Rate by Monetary Value,0,,FALSE,,,,No Email,Problem Solving_QC Story,QC Story,0,ILT Content,,1138,TRUE,Time based,TRUE,,,,,FALSE,FALSE,FALSE,0,Before,,,,0,0,FALSE,,0,0,0,0,0
,,1,,,,,,TRUE,0,,0,,TRUE,,0,0,FALSE,FALSE,1,Conversion Rate by Monetary Value,0,,FALSE,,,,No Email,Problem Solving_Six Sigma GB (Process Stabilization),AGGU Six Sigma Green Belt Training,0,ILT Content,,1137,TRUE,Time based,TRUE,,,,,FALSE,FALSE,FALSE,0,Before,,,,0,0,FALSE,,0,0,0,0,0
,,1,,,,,,TRUE,0,,0,,TRUE,,0,0,FALSE,FALSE,1,Conversion Rate by Monetary Value,0,,FALSE,,,,No Email,Problem Solving_Six Sigma Greenbelt (Villanova),Six Sigma Green Belt (Villanova),0,ILT Content,,1132,TRUE,Time based,TRUE,,,,,FALSE,FALSE,FALSE,0,Before,,,,0,0,FALSE,,0,0,0,0,0
,,1,,,,,,TRUE,0,,0,,TRUE,,0,0,FALSE,FALSE,1,Conversion Rate by Monetary Value,0,,FALSE,,,,No Email,Process Optimization (vendor),Process Optimization Training,0,ILT Content,,1131,TRUE,Time based,TRUE,,,,,FALSE,FALSE,FALSE,0,Before,,,,0,0,FALSE,,0,0,0,0,0
,,1,,,,,,TRUE,0,,0,,TRUE,,0,0,FALSE,FALSE,1,Conversion Rate by Monetary Value,0,,FALSE,,,,No Email,Process Optimization Scientific Molding (vendor),Process Optimization Scientific Molding,0,ILT Content,,915,TRUE,Time based,TRUE,,,,,FALSE,FALSE,FALSE,0,Before,,,,0,0,FALSE,,0,0,0,0,0
,,1,,,,,,TRUE,0,,0,,TRUE,,0,0,FALSE,FALSE,1,Conversion Rate by Monetary Value,0,,FALSE,,,,No Email,QR code ILTcourse,QR code ILTcourse,1,ILT Content,,902,TRUE,Time based,TRUE,,,,,FALSE,FALSE,FALSE,0,Before,,,,0,0,FALSE,,0,0,0,0,0
,,1,,,,,,TRUE,0,,0,,TRUE,,0,0,FALSE,FALSE,1,Conversion Rate by Monetary Value,0,,FALSE,,,,No Email,Quality_Critical Parts-Quality Course (AGGNA),Critical Parts-Quality Course,0,ILT Content,,1027,TRUE,Time based,TRUE,,,,,FALSE,FALSE,FALSE,0,Before,,,,0,0,FALSE,,0,0,0,0,0
,,1,,,,,,TRUE,0,,0,,TRUE,,0,0,FALSE,FALSE,1,Conversion Rate by Monetary Value,0,,FALSE,,,,No Email,Quantity Verification for Ret (vendor),Quantity Verification for Ret,0,ILT Content,,910,TRUE,Time based,TRUE,,,,,FALSE,FALSE,FALSE,0,Before,,,,0,0,FALSE,,0,0,0,0,0
"A3 training, presented by Art Prather.",,1,,,,,,TRUE,0,,0,,TRUE,,0,0,FALSE,FALSE,1,Conversion Rate by Monetary Value,0,,FALSE,,,,No Email,Record_A3 Training,A3 Training,1,ILT Content,,1031,TRUE,Time based,TRUE,,,,,FALSE,FALSE,FALSE,0,Before,,,,0,0,FALSE,,0,0,0,0,0
Employee Relations Training at AGGNAI. Provided by Foundations HR.,,1,,,,AGG.University@dummydata.com,,TRUE,0,,0,,TRUE,,0,0,FALSE,FALSE,1,Conversion Rate by Monetary Value,0,,FALSE,,,,No Email,Record_Employee Relations Training ILT,Employee Relations Training - Foundations HR,1,ILT Content,,1120,TRUE,Time based,TRUE,,,,,FALSE,FALSE,FALSE,0,Before,,,,0,0,FALSE,,0,0,0,0,0
,,1,,,,AGG.University@dummydata.com,,TRUE,0,,0,,TRUE,,0,0,FALSE,FALSE,1,Conversion Rate by Monetary Value,0,,FALSE,,,,No Email,Requirement_Certificate of AGG Auditor,Certificate of AGG Auditor,1,ILT Content,,890,TRUE,Time based,TRUE,,,,,FALSE,FALSE,FALSE,0,Before,,,,0,0,FALSE,,0,0,0,0,0
,,1,,,,AGG.University@dummydata.com,,TRUE,0,,0,,TRUE,,0,0,FALSE,FALSE,1,Conversion Rate by Monetary Value,0,,FALSE,,,,No Email,Requirement_ISO/TS 16949 Internal Quality Auditor,ISO/TS 16949 Internal Quality Auditor,1,ILT Content,,908,TRUE,Time based,TRUE,,,,,FALSE,FALSE,FALSE,0,Before,,,,0,0,FALSE,,0,0,0,0,0
,,1,,,,,,TRUE,0,,0,,TRUE,,0,0,FALSE,FALSE,1,Conversion Rate by Monetary Value,0,,FALSE,,,,No Email,Requirement_Lead Auditor Training with Supplier Auditor Certification,Lead Auditor Training with Supplier Auditor Certification,1,ILT Content,,889,TRUE,Time based,TRUE,,,,,FALSE,FALSE,FALSE,0,Before,,,,0,0,FALSE,,0,0,0,0,0
,,1,,,,AGG.University@dummydata.com,,TRUE,0,,0,,TRUE,,0,0,FALSE,FALSE,1,Conversion Rate by Monetary Value,0,,FALSE,,,,No Email,Requirement_Lead Auditor Validation,Lead Auditor Validation,1,ILT Content,,1181,TRUE,Time based,TRUE,,,,,FALSE,FALSE,FALSE,0,Before,,,,0,0,FALSE,,0,0,0,0,0
"This training will provide you with the information you need to administer the LMS for your AGG location (i.e. assess rosters, build profiles, check training reports, etc).",,1,,,,AGG.University@dummydata.com,,TRUE,0,,0,,TRUE,,0,0,FALSE,FALSE,1,Conversion Rate by Monetary Value,0,,FALSE,,,,No Email,Requirement_LMS Coordinator Training,LMS Coordinator Training,1,ILT Content,,903,TRUE,Time based,TRUE,,,,,FALSE,FALSE,FALSE,0,Before,,,,0,0,FALSE,,0,0,0,0,0
"Hands-on LMS training, where Supervisors and Managers will learn how to use the LMS and automated reports to proactively manage training in their departments.",,1,,,,AGG.University@dummydata.com,,TRUE,0,,0,,TRUE,,0,0,FALSE,FALSE,1,Conversion Rate by Monetary Value,0,,FALSE,,,,No Email,Requirement_LMS Introduction for Managers_SP,LMS Introduction for Managers (AGGU will Assess),1,ILT Content,,911,TRUE,Time based,TRUE,1800.0,,,,FALSE,FALSE,FALSE,0,Before,,,,0,0,FALSE,,0,0,0,0,0
"Hands-on LMS training, where employees will learn how to login to the LMS and complete compliance and other job-related trainings.",,1,,,,AGG.University@dummydata.com,,TRUE,0,,0,,TRUE,,0,0,FALSE,FALSE,1,Conversion Rate by Monetary Value,0,,FALSE,,,,No Email,Requirement_LMS Introduction_SP,LMS Introduction (AGGU will Assess),1,ILT Content,,1030,TRUE,Time based,TRUE,1800.0,,,,FALSE,FALSE,FALSE,0,Before,,,,0,0,FALSE,,0,0,0,0,0
"Contact Brian Robinson to schedule this training. The training will teach you how to properly create and complete work orders, and review and complete assignments (No Recertification Required). This training complies with AGG Missouri requirements.",,1,,,,AGG.University@dummydata.com,,TRUE,1,,0,,TRUE,,0,0,FALSE,FALSE,1,Conversion Rate by Monetary Value,0,,FALSE,,,,No Email,Requirement_Maintenance Connection (For Technicians),Maintenance Connection (For Technicians),1,ILT Content,,904,TRUE,Time based,TRUE,3600.0,,,,FALSE,FALSE,FALSE,0,Before,,,,0,0,FALSE,,0,0,0,0,0
Certifies team member to be an On-the-Job Trainer @ AGGASK,,1,,,,AGG.University@dummydata.com,,TRUE,0,,0,,TRUE,,0,0,FALSE,FALSE,1,Conversion Rate by Monetary Value,0,,FALSE,,,,No Email,Requirement_OJT Certification_AGGASK,OJT Trainer Certification (AGGASK),1,ILT Content,,1135,TRUE,Time based,TRUE,,,,,FALSE,FALSE,FALSE,0,Before,,,,0,0,FALSE,,0,0,0,0,0
Certifies team member to be an On-the-Job Trainer @ AGGMINTO,,1,,,,AGG.University@dummydata.com,,TRUE,0,,0,,TRUE,,0,0,FALSE,FALSE,1,Conversion Rate by Monetary Value,0,,FALSE,,,,No Email,Requirement_OJT Certification_AGGMINTO,OJT Trainer Certification (AGGMINTO),1,ILT Content,,1126,TRUE,Time based,TRUE,,,,,FALSE,FALSE,FALSE,0,Before,,,,0,0,FALSE,,0,0,0,0,0
Certifies team member to be an On-the-Job Trainer,,1,,,,AGG.University@dummydata.com,,TRUE,0,,0,,TRUE,,0,0,FALSE,FALSE,1,Conversion Rate by Monetary Value,0,,FALSE,,,,No Email,Requirement_OJT Certification_AGGTX,OJT Trainer Certification (AGGTX),1,ILT Content,,1020,TRUE,Time based,TRUE,,,,,FALSE,FALSE,FALSE,0,Before,,,,0,0,FALSE,,0,0,0,0,0
Requirement for IATF.,,1,,,,AGG.University@dummydata.com,,TRUE,0,,0,,TRUE,,0,0,FALSE,FALSE,1,Conversion Rate by Monetary Value,0,,FALSE,,,,No Email,Requirement_Process Owner Training for IATF,Process Owner Training for IATF,1,ILT Content,,1121,TRUE,Time based,TRUE,3600.0,,,,FALSE,FALSE,FALSE,0,Before,,,,0,0,FALSE,,0,0,0,0,0
IATF Requirement.,,1,,,,,,TRUE,0,,0,,TRUE,,0,0,FALSE,FALSE,1,Conversion Rate by Monetary Value,0,,FALSE,,,,No Email,"Requirement_Quality Engineer IATF Training for Control Plans, PFMEAs, & Critical Characteristics","Quality Engineer IATF Training for Control Plans, PFMEAs, & Critical Characteristics",1,ILT Content,,1025,TRUE,Time based,TRUE,2700.0,,,,FALSE,FALSE,FALSE,0,Before,,,,0,0,FALSE,,0,0,0,0,0
For new & existing team leaders to learn the importance of following daily management sheets and preparing them to be successful production leaders.,,1,,,,AGG.University@dummydata.com,,TRUE,0,,0,,TRUE,,0,0,FALSE,FALSE,1,Conversion Rate by Monetary Value,0,,FALSE,,,,No Email,Requirement_TL Daily Management AGGKY,T/L Daily Management Training (AGGKY),1,ILT Content,,1134,TRUE,Time based,TRUE,,,,,FALSE,FALSE,FALSE,0,Before,,,,0,0,FALSE,,0,0,0,0,0
,,1,,,,,,TRUE,0,,0,,TRUE,,0,0,FALSE,FALSE,1,Conversion Rate by Monetary Value,0,,FALSE,,,,No Email,RWMA Resistance Welding School (vendor),RWMA Resistance Welding School,0,ILT Content,,1026,TRUE,Time based,TRUE,,,,,FALSE,FALSE,FALSE,0,Before,,,,0,0,FALSE,,0,0,0,0,0
,,1,,,,,,TRUE,0,,0,,TRUE,,0,0,FALSE,FALSE,1,Conversion Rate by Monetary Value,0,,FALSE,,,,No Email,S4 Programming I (vendor),S4 Programming I,0,ILT Content,,909,TRUE,Time based,TRUE,,,,,FALSE,FALSE,FALSE,0,Before,,,,0,0,FALSE,,0,0,0,0,0
,,1,,,,,,TRUE,0,,0,,TRUE,,0,0,FALSE,FALSE,1,Conversion Rate by Monetary Value,0,,FALSE,,,,No Email,Safety_DOT Hazardous Material Employee Training (vendor),DOT Hazardous Material Employee Training,0,ILT Content,,891,TRUE,Time based,TRUE,,,,,FALSE,FALSE,FALSE,0,Before,,,,0,0,FALSE,,0,0,0,0,0
,,1,,,,,,TRUE,0,,0,,TRUE,,0,0,FALSE,FALSE,1,Conversion Rate by Monetary Value,0,,FALSE,,,,No Email,Safety_Dupont Stop (AGG Safety Dept.),Dupont Stop,0,ILT Content,,900,TRUE,Time based,TRUE,,,,,FALSE,FALSE,FALSE,0,Before,,,,0,0,FALSE,,0,0,0,0,0
,,1,,,,,,TRUE,0,,0,,TRUE,,0,0,FALSE,FALSE,1,Conversion Rate by Monetary Value,0,,FALSE,,,,No Email,Safety_Emergency Planning & Comunity Right-to-Know (Trinity Consultants),Intro to Emergency Planning & Community Right-to-Know,0,ILT Content,,1024,TRUE,Time based,TRUE,,,,,FALSE,FALSE,FALSE,0,Before,,,,0,0,FALSE,,0,0,0,0,0
,,1,,,,,,TRUE,0,,0,,TRUE,,0,0,FALSE,FALSE,1,Conversion Rate by Monetary Value,0,,FALSE,,,,No Email,Safety_Kiken Yochi,Kiken Yochi (Contact the Safety Dept. to Schedule),1,ILT Content,,888,TRUE,Time based,TRUE,2700.0,,,,FALSE,FALSE,FALSE,0,Before,,,,0,0,FALSE,,0,0,0,0,0
Kiken Yochi training obtained through the Supervisor Certification Program (SCP),,1,,,,,,TRUE,0,,0,,TRUE,,0,0,FALSE,FALSE,1,Conversion Rate by Monetary Value,0,,FALSE,,,,No Email,Safety_Kiken Yochi (SCP),Kiken Yochi (SCP),1,ILT Content,,1130,TRUE,Time based,TRUE,2700.0,,,,FALSE,FALSE,FALSE,0,Before,,,,0,0,FALSE,,0,0,0,0,0
,,1,,,,,,TRUE,0,,0,,TRUE,,0,0,FALSE,FALSE,1,Conversion Rate by Monetary Value,0,,FALSE,,,,No Email,Safety_OSHA 10-hour Construction Industry,OSHA 10-hour Construction Industry,0,ILT Content,,1018,TRUE,Time based,TRUE,,,,,FALSE,FALSE,FALSE,0,Before,,,,0,0,FALSE,,0,0,0,0,0
,,1,,,,,,TRUE,0,,0,,TRUE,,0,0,FALSE,FALSE,1,Conversion Rate by Monetary Value,0,,FALSE,,,,No Email,SkillsUSA (vendor),Electronics Applications / Technology Assessment,0,ILT Content,,1021,TRUE,Time based,TRUE,,,,,FALSE,FALSE,FALSE,0,Before,,,,0,0,FALSE,,0,0,0,0,0
,,1,,,,,,TRUE,0,,0,,TRUE,,0,0,FALSE,FALSE,1,Conversion Rate by Monetary Value,0,,FALSE,,,,No Email,SkillsUSA (vendor) Computer Maintenance,Computer Maintenance Technology Proficiency Assessment,0,ILT Content,,912,TRUE,Time based,TRUE,,,,,FALSE,FALSE,FALSE,0,Before,,,,0,0,FALSE,,0,0,0,0,0
"The Certified Professional in Training Management (CPTM™) program is the only credential focused specifically on the role of the training manager. As a CPTM, you will gain the skills needed to manage corporate training programs that align with your company’s goals – now and in the future. You will develop core competencies that will allow you to demonstrate your expertise in training management and impact change across the business.",,1,,,,,,TRUE,0,,0,,TRUE,,0,0,FALSE,FALSE,1,Conversion Rate by Monetary Value,0,,FALSE,,,,No Email,SRT_Certified Professional in Training Management,Certified Professional in Training Management,0,ILT Content,,1024,TRUE,Time based,TRUE,,,,,FALSE,FALSE,FALSE,0,Before,,,,0,0,FALSE,,0,0,0,0,0
,,1,,,,,,TRUE,0,,0,,TRUE,,0,0,FALSE,FALSE,1,Conversion Rate by Monetary Value,0,,FALSE,,,,No Email,Steel Markets North America Conference (vendor),12th Annual Steel Markets North America Conference,0,ILT Content,,1023,TRUE,Time based,TRUE,,,,,FALSE,FALSE,FALSE,0,Before,,,,0,0,FALSE,,0,0,0,0,0
Certification for safe transportation of dangerous goods by land (3-year Recertification),,1,,,,,,TRUE,0,,0,,TRUE,,0,0,FALSE,FALSE,1,Conversion Rate by Monetary Value,0,,FALSE,,,,No Email,Subpart H - Training (vendor),49 CFR 172.700,0,ILT Content,,916,TRUE,Time based,TRUE,,,,,FALSE,FALSE,FALSE,0,Before,,,,0,0,FALSE,,0,0,0,0,0
"In order to grow, we must know our roots. At Next Level Leadership, we’ll begin by focusing on three proven assessments to solidify your team’s leadership foundation. These include a DiSC Workplace Profile, an Emotional Intelligence Profile, and a Productive Conflict Profile. From there, our goal is to enhance leadership knowledge and skillsets through our seven impactful topics.",,1,,,,AGG.University@dummydata.com,,TRUE,0,,0,,TRUE,,0,0,FALSE,FALSE,1,Conversion Rate by Monetary Value,0,,FALSE,,,,No Email,Succession Planning_Next Level Leadership,Next Level Leadership,1,ILT Content,,1119,TRUE,Time based,TRUE,,,,,FALSE,FALSE,FALSE,0,Before,,,,0,0,FALSE,,0,0,0,0,0
"Acquire management skills on-the-job from your mentor or other qualified manager(s). Your mentor must submit confirmation to AGGU, stating that you have completed On-the-Job Training (OJT) for the purpose of succession planning. Once confirmation is received, AGGU will mark the activity complete in your succession plan.",,1,,,,AGG.University@dummydata.com,,TRUE,0,,0,,TRUE,,0,0,FALSE,FALSE,1,Conversion Rate by Monetary Value,0,,FALSE,,,,No Email,Succession Planning_OJT Training,On-the-Job Training (OJT) for Succession Planning,1,ILT Content,,1123,TRUE,Time based,TRUE,,,,,FALSE,FALSE,FALSE,0,Before,,,,0,0,FALSE,,0,0,0,0,0
,,1,,,,,,TRUE,0,,0,,TRUE,,0,0,FALSE,FALSE,1,Conversion Rate by Monetary Value,0,,FALSE,,,,No Email,Supplier Requirement_Lexus Dojo Training (AGGU),Lexus Dojo Training,0,ILT Content,,1129,TRUE,Time based,TRUE,,,,,FALSE,FALSE,FALSE,0,Before,,,,0,0,FALSE,,0,0,0,0,0
,,1,,,,,,TRUE,0,,0,,TRUE,,0,0,FALSE,FALSE,1,Conversion Rate by Monetary Value,0,,FALSE,,,,No Email,SXSIG_GB_Exam_Prep_(MAC),Six Sigma Green Belt Training / Exam Prep (MAC),0,ILT Content,,914,TRUE,Time based,TRUE,,,,,FALSE,FALSE,FALSE,0,Before,,,,0,0,FALSE,,0,0,0,0,0
,,1,,,,,,TRUE,0,,0,,TRUE,,0,0,FALSE,FALSE,1,Conversion Rate by Monetary Value,0,,FALSE,,,,No Email,TEC 1900 (College Transcript),Technical Mathematics I,0,ILT Content,,1128,TRUE,Time based,TRUE,,,,,FALSE,FALSE,FALSE,0,Before,,,,0,0,FALSE,,0,0,0,0,0
,,1,,,,,,TRUE,0,,0,,TRUE,,0,0,FALSE,FALSE,1,Conversion Rate by Monetary Value,0,,FALSE,,,,No Email,Technical_Advanced PLCs (MAC),Advanced Programmable Logical Controllers,0,ILT Content,,906,TRUE,Time based,TRUE,,,,,FALSE,FALSE,FALSE,0,Before,,,,0,0,FALSE,,0,0,0,0,0
,,1,,,,,,TRUE,0,,0,,TRUE,,0,0,FALSE,FALSE,1,Conversion Rate by Monetary Value,0,,FALSE,,,,No Email,Technical_Basic PLC (MAC),Basic Programmable Logical Controllers (MAC),0,ILT Content,,1125,TRUE,Time based,TRUE,,,,,FALSE,FALSE,FALSE,0,Before,,,,0,0,FALSE,,0,0,0,0,0
,,1,,,,,,TRUE,0,,0,,TRUE,,0,0,FALSE,FALSE,1,Conversion Rate by Monetary Value,0,,FALSE,,,,No Email,Technical_Basic PLC (Omron),Basic PLC Programing (Omron),0,ILT Content,,892,TRUE,Time based,TRUE,,,,,FALSE,FALSE,FALSE,0,Before,,,,0,0,FALSE,,0,0,0,0,0
,,1,,,,,,TRUE,0,,0,,TRUE,,0,0,FALSE,FALSE,1,Conversion Rate by Monetary Value,0,,FALSE,,,,No Email,Technical_Electrical Level 1 Lab (Ranken),Electrical Level 1 Lab for Amatrol (Ranken),0,ILT Content,,1124,TRUE,Time based,TRUE,,,,,FALSE,FALSE,FALSE,0,Before,,,,0,0,FALSE,,0,0,0,0,0
,,1,,,,,,TRUE,0,,0,,TRUE,,0,0,FALSE,FALSE,1,Conversion Rate by Monetary Value,0,,FALSE,,,,No Email,Technical_Electrical Level 2 Lab (Ranken),Electrical Level 2 Lab for Amatrol (Ranken),0,ILT Content,,886,TRUE,Time based,TRUE,,,,,FALSE,FALSE,FALSE,0,Before,,,,0,0,FALSE,,0,0,0,0,0
 This training complies with AGG standards.,,1,,,,,,TRUE,0,,0,,TRUE,,0,0,FALSE,FALSE,1,Conversion Rate by Monetary Value,0,,FALSE,,,,No Email,Technical_Fanuc Level I (Ranken),Fanuc Robotics Basic - Level I (Ranken),1,ILT Content,,1133,TRUE,Time based,TRUE,,,,,FALSE,FALSE,FALSE,0,Before,,,,0,0,FALSE,,0,0,0,0,0
 This training complies with AGG standards.,,1,,,,,,TRUE,0,,0,,TRUE,,0,0,FALSE,FALSE,1,Conversion Rate by Monetary Value,0,,FALSE,,,,No Email,Technical_Fanuc Level II (Ranken),Fanuc Robotics Intermediate - Level II (Ranken),1,ILT Content,,1019,TRUE,Time based,TRUE,,,,,FALSE,FALSE,FALSE,0,Before,,,,0,0,FALSE,,0,0,0,0,0
 This training complies with AGG standards.,,1,,,,,,TRUE,0,,0,,TRUE,,0,0,FALSE,FALSE,1,Conversion Rate by Monetary Value,0,,FALSE,,,,No Email,Technical_Fanuc Level III (Ranken),Fanuc Robotics Advanced - Level III (Ranken),1,ILT Content,,1029,TRUE,Time based,TRUE,,,,,FALSE,FALSE,FALSE,0,Before,,,,0,0,FALSE,,0,0,0,0,0
,,1,,,,,,TRUE,0,,0,,TRUE,,0,0,FALSE,FALSE,1,Conversion Rate by Monetary Value,0,,FALSE,,,,No Email,Technical_Intermediate PLC (Omron),Intermediate PLC Programming (Omron),0,ILT Content,,1122,TRUE,Time based,TRUE,,,,,FALSE,FALSE,FALSE,0,Before,,,,0,0,FALSE,,0,0,0,0,0
,,1,,,,,,TRUE,0,,0,,TRUE,,0,0,FALSE,FALSE,1,Conversion Rate by Monetary Value,0,,FALSE,,,,No Email,Technical_Mechanical Level 1 Lab (Ranken),Mechanical Level 1 Lab for Amatrol (Ranken),0,ILT Content,,1127,TRUE,Time based,TRUE,,,,,FALSE,FALSE,FALSE,0,Before,,,,0,0,FALSE,,0,0,0,0,0
 This training complies with AGG standards.,,1,,,,,,TRUE,0,,0,,TRUE,,0,0,FALSE,FALSE,1,Conversion Rate by Monetary Value,0,,FALSE,,,,No Email,Technical_Mechanical Level 2 Lab (Ranken),Mechanical Level 2 Lab for Amatrol (Ranken),1,ILT Content,,907,TRUE,Time based,TRUE,,,,,FALSE,FALSE,FALSE,0,Before,,,,0,0,FALSE,,0,0,0,0,0
,,1,,,,,,TRUE,0,,0,,TRUE,,0,0,FALSE,FALSE,1,Conversion Rate by Monetary Value,0,,FALSE,,,,No Email,Technical_Metallurgy of Die Casting Alloys (vendor),Metallurgy of Die Casting Alloys,0,ILT Content,,905,TRUE,Time based,TRUE,,,,,FALSE,FALSE,FALSE,0,Before,,,,0,0,FALSE,,0,0,0,0,0
,,1,,,,,,TRUE,0,,0,,TRUE,,0,0,FALSE,FALSE,1,Conversion Rate by Monetary Value,0,,FALSE,,,,No Email,Technical_Oxyacetylene Welding (vendor),Oxyacetylene Welding,0,ILT Content,,1028,TRUE,Time based,TRUE,,,,,FALSE,FALSE,FALSE,0,Before,,,,0,0,FALSE,,0,0,0,0,0
,,1,,,,,,TRUE,0,,0,,TRUE,,0,0,FALSE,FALSE,1,Conversion Rate by Monetary Value,0,,FALSE,,,,No Email,Technical_PQ2 (vendor),PQ2,0,ILT Content,,893,TRUE,Time based,TRUE,,,,,FALSE,FALSE,FALSE,0,Before,,,,0,0,FALSE,,0,0,0,0,0
Roster for Ranken IET Students.,,1,,,,,,TRUE,0,,0,,TRUE,,0,0,FALSE,FALSE,1,Conversion Rate by Monetary Value,0,,FALSE,,,,No Email,Technical_Ranken IET Program,RANKEN IET Program,1,ILT Content,,1017,TRUE,Time based,TRUE,,,,,FALSE,FALSE,FALSE,0,Before,,,,0,0,FALSE,,0,0,0,0,0
,,1,,,,,,TRUE,0,,0,,TRUE,,0,0,FALSE,FALSE,1,Conversion Rate by Monetary Value,0,,FALSE,,,,No Email,Technician Type Universal (vendor),Technician Type Universal,0,ILT Content,,898,TRUE,Time based,TRUE,,,,,FALSE,FALSE,FALSE,0,Before,,,,0,0,FALSE,,0,0,0,0,0
"In this course, we will be looking at how the hoshin targets are cascaded down throughout the organization, starting from the Americas group hoshin down to individual team members. You will also become familiar with the top down approach to goal setting and how each level of the company contributes to goals.  This is a AGGNA requirement and it is an annual recertification for all salary employees.",,1,,,,AGG.University@dummydata.com,,TRUE,0,,0,,TRUE,,0,0,FALSE,FALSE,1,Conversion Rate by Monetary Value,0,,FALSE,,,,No Email,TestCertificationExpiration,TestCertificationExpiration,1,ILT Content,,1016,TRUE,Time based,TRUE,1800.0,,,,FALSE,FALSE,FALSE,0,Before,,,,0,0,FALSE,,0,0,0,0,0
,,1,,,,,,TRUE,0,,0,,TRUE,,0,0,FALSE,FALSE,1,Conversion Rate by Monetary Value,0,,FALSE,,,,No Email,AGG Activity,In-House Monozukuri - TPS,0,ILT Content,,1022,TRUE,Time based,TRUE,,,,,FALSE,FALSE,FALSE,0,Before,,,,0,0,FALSE,,0,0,0,0,0
,,1,,,,,,TRUE,0,,0,,TRUE,,0,0,FALSE,FALSE,1,Conversion Rate by Monetary Value,0,,FALSE,,,,No Email,AGGNA_Legal Compliance Training (GM's & Above),Legal Compliance Training (GM's & Above),0,ILT Content,,1136,TRUE,Time based,TRUE,,,,,FALSE,FALSE,FALSE,0,Before,,,,0,0,FALSE,,0,0,0,0,0
,,1,,,,,,TRUE,0,,0,,TRUE,,0,0,FALSE,FALSE,1,Conversion Rate by Monetary Value,0,,FALSE,,,,No Email,Time Management Workshop (MAC),Time Management Workshop,0,ILT Content,,913,TRUE,Time based,TRUE,,,,,FALSE,FALSE,FALSE,0,Before,,,,0,0,FALSE,,0,0,0,0,0
,,1,,,,,,TRUE,0,,0,,TRUE,,0,0,FALSE,FALSE,1,Conversion Rate by Monetary Value,0,,FALSE,,,,No Email,Traceability in Manufacturing using RFID - BAL - L,Traceability in Manufacturing using RFID - BAL - LUFF,0,ILT Content,,887,TRUE,Time based,TRUE,,,,,FALSE,FALSE,FALSE,0,Before,,,,0,0,FALSE,,0,0,0,0,0
Requirements and expectations of a Forklift Instructor (No Recertification) This training complies with OSHA standard 1910.178.,,1,,,,,,TRUE,0,,0,,TRUE,,0,0,FALSE,FALSE,1,Conversion Rate by Monetary Value,0,,FALSE,,,,No Email,Train the Trainer_Forklift Instructor,Forklift Instructor,1,ILT Content,,899,TRUE,Time based,TRUE,,,,,FALSE,FALSE,FALSE,0,Before,,,,0,0,FALSE,,0,0,0,0,0
Certification to facilitate Intro to AGG (Online) Orientation to new hires and conversion employees (No Recertification),,1,,,,,,TRUE,0,,0,,TRUE,,0,0,FALSE,FALSE,1,Conversion Rate by Monetary Value,0,,FALSE,,,,No Email,Train the Trainer_Intro to AGG (Online) Facilitator Certification,Intro to AGG (Online) Facilitator Certification,1,ILT Content,,901,TRUE,Time based,TRUE,,,,,FALSE,FALSE,FALSE,0,Before,,,,0,0,FALSE,,0,0,0,0,0
Certification to facilitate Intro to AGG Orientation to new hires and conversion employees (No Recertification),,1,,,,,,TRUE,0,,0,,TRUE,,0,0,FALSE,FALSE,1,Conversion Rate by Monetary Value,0,,FALSE,,,,No Email,Train the Trainer_Intro to AGG Facilitator Certification,Intro to AGG Facilitator Certification,1,ILT Content,,897,TRUE,Time based,TRUE,,,,,FALSE,FALSE,FALSE,0,Before,,,,0,0,FALSE,,0,0,0,0,0
,,1,,,,,,TRUE,0,,0,,TRUE,,0,0,FALSE,FALSE,1,Conversion Rate by Monetary Value,0,,FALSE,,,,No Email,Train the Trainer_Kiken Yochi Instructor,Kiken Yochi Instructor,1,ILT Content,,1138,TRUE,Time based,TRUE,,,,,FALSE,FALSE,FALSE,0,Before,,,,0,0,FALSE,,0,0,0,0,0
Requirements and expectations of an Overhead Crane Instructor (No Recertification) This training complies with OSHA standard 1910.179.,,1,,,,,,TRUE,0,,0,,TRUE,,0,0,FALSE,FALSE,1,Conversion Rate by Monetary Value,0,,FALSE,,,,No Email,Train the Trainer_Overhead Crane Instructor,Overhead Crane Instructor,1,ILT Content,,1137,TRUE,Time based,TRUE,,,,,FALSE,FALSE,FALSE,0,Before,,,,0,0,FALSE,,0,0,0,0,0
 Requirements and expectations of a Scissor & Boom Instructor (No Recertification) This training complies with OSHA standard OSHA 1910.67.,,1,,,,,,TRUE,0,,0,,TRUE,,0,0,FALSE,FALSE,1,Conversion Rate by Monetary Value,0,,FALSE,,,,No Email,Train the Trainer_Scissor & Boom Instructor,Scissor & Boom Instructor,1,ILT Content,,1132,TRUE,Time based,TRUE,,,,,FALSE,FALSE,FALSE,0,Before,,,,0,0,FALSE,,0,0,0,0,0
,,1,,,,,,TRUE,0,,0,,TRUE,,0,0,FALSE,FALSE,1,Conversion Rate by Monetary Value,0,,FALSE,,,,No Email,Train the Trainer_TWI Job Instruction Instructor (40-hr cert.),TWI Job Instruction Instructor (40 Hour),0,ILT Content,,1131,TRUE,Time based,TRUE,,,,,FALSE,FALSE,FALSE,0,Before,,,,0,0,FALSE,,0,0,0,0,0
,,1,,,,,,TRUE,0,,0,,TRUE,,0,0,FALSE,FALSE,1,Conversion Rate by Monetary Value,0,,FALSE,,,,No Email,Work Keys (vendor),Work Keys Profile,0,ILT Content,,915,TRUE,Time based,TRUE,,,,,FALSE,FALSE,FALSE,0,Before,,,,0,0,FALSE,,0,0,0,0,0
,,1,,,,,,TRUE,0,,0,,TRUE,,0,0,FALSE,FALSE,1,Conversion Rate by Monetary Value,0,,FALSE,,,,No Email,Working As A High Performance Team (MAC),Working As A High Performance Team,0,ILT Content,,902,TRUE,Time based,TRUE,,,,,FALSE,FALSE,FALSE,0,Before,,,,0,0,FALSE,,0,0,0,0,0
,,1,,,,,,TRUE,0,,0,,TRUE,,0,0,FALSE,FALSE,1,Conversion Rate by Monetary Value,0,,FALSE,,,,No Email,Working Through Conflict (MAC),Working Through Conflict Workshop,0,ILT Content,,1027,TRUE,Time based,TRUE,,,,,FALSE,FALSE,FALSE,0,Before,,,,0,0,FALSE,,0,0,0,0,0
,,1,,,,,,TRUE,0,,0,,TRUE,,0,0,FALSE,FALSE,1,Conversion Rate by Monetary Value,0,,FALSE,,,,No Email,XRC Basic Programming using VRC (vendor),XRC Basic Programming using VRC,0,ILT Content,,910,TRUE,Time based,TRUE,,,,,FALSE,FALSE,FALSE,0,Before,,,,0,0,FALSE,,0,0,0,0,0
